Student_ID,Study_Hours,Attendance,Previous_Marks,Assignments,Internal_Marks,Final_Result
1,1,53,75,75,78,Fail
2,6,81,47,41,47,Pass
3,1,83,57,63,55,Fail
4,10,90,58,61,62,Pass
5,3,48,53,45,49,Fail
6,3,64,63,59,58,Fail
7,9,73,92,90,93,Pass
8,6,65,65,70,67,Pass
9,1,46,52,47,51,Fail
10,4,56,81,82,77,Pass
11,4,77,99,100,99,Pass
12,5,96,100,100,100,Pass
13,8,73,64,74,67,Pass
14,7,68,99,96,100,Pass
15,3,76,61,56,61,Fail
16,4,86,41,33,45,Fail
17,7,89,49,58,48,Pass
18,10,49,69,78,73,Pass
19,7,58,79,72,77,Pass
20,1,81,59,56,62,Fail
21,1,71,78,80,79,Fail
22,10,88,62,60,57,Pass
23,3,82,86,89,81,Pass
24,6,70,72,66,76,Pass
25,1,70,47,38,50,Fail
26,6,43,54,55,50,Fail
27,1,89,40,34,44,Fail
28,5,66,88,89,89,Pass
29,1,44,57,58,61,Fail
30,10,82,80,80,78,Pass
31,8,99,62,52,60,Pass
32,3,44,56,55,61,Fail
33,8,84,34,30,29,Pass
34,10,92,60,54,61,Pass
35,4,93,72,69,71,Pass
36,5,61,34,30,33,Fail
37,8,40,35,25,36,Fail
38,9,51,84,81,80,Pass
39,8,55,46,52,49,Fail
40,7,71,39,49,35,Fail
41,10,61,54,55,56,Pass
42,7,63,44,41,46,Fail
43,3,76,81,84,76,Pass
44,2,67,67,63,65,Fail
45,2,47,64,58,62,Fail
46,1,77,33,43,29,Fail
47,8,99,83,81,88,Pass
48,7,57,35,43,37,Fail
49,3,94,91,93,89,Pass
50,2,43,63,73,66,Fail
51,2,86,34,34,33,Fail
52,3,41,63,73,63,Fail
53,5,65,54,64,50,Fail
54,1,100,65,57,68,Fail
55,9,67,34,26,37,Pass
56,4,78,33,42,33,Fail
57,8,61,37,39,40,Fail
58,9,46,30,40,31,Fail
59,8,81,49,43,50,Pass
60,5,71,58,57,57,Fail
61,1,41,37,47,42,Fail
62,1,84,80,83,81,Pass
63,10,45,42,40,47,Pass
64,5,86,83,84,80,Pass
65,4,44,98,100,94,Pass
66,7,50,61,58,60,Pass
67,10,93,88,92,87,Pass
68,1,92,58,61,55,Fail
69,5,91,77,87,79,Pass
70,7,64,84,91,87,Pass
71,6,45,81,88,83,Pass
72,3,60,66,71,68,Fail
73,2,45,78,76,82,Fail
74,4,75,57,58,58,Fail
75,9,85,80,73,80,Pass
76,7,83,70,70,68,Pass
77,5,79,40,37,36,Fail
78,2,63,55,49,60,Fail
79,10,90,62,62,63,Pass
80,9,84,40,34,36,Pass
81,3,94,42,43,44,Fail
82,2,47,41,33,44,Fail
83,8,79,61,62,56,Pass
84,10,43,73,63,76,Pass
85,10,93,91,100,87,Pass
86,10,88,87,95,82,Pass
87,6,84,61,54,56,Pass
88,10,88,46,45,50,Pass
89,10,46,56,46,58,Pass
90,6,56,89,79,84,Pass
91,5,47,34,36,32,Fail
92,2,97,37,41,38,Fail
93,6,54,55,54,54,Fail
94,5,94,58,48,54,Pass
95,6,50,35,45,36,Fail
96,7,47,40,37,36,Fail
97,9,99,33,32,32,Pass
98,4,64,89,95,87,Pass
99,10,53,96,100,99,Pass
100,5,52,69,72,68,Fail
101,2,89,89,87,93,Pass
102,4,71,41,47,36,Fail
103,9,82,54,45,50,Pass
104,10,78,75,71,73,Pass
105,5,41,94,86,89,Pass
106,8,61,72,74,76,Pass
107,6,88,51,56,47,Pass
108,1,91,92,83,89,Pass
109,9,71,46,44,45,Pass
110,1,40,59,61,63,Fail
111,2,46,61,56,65,Fail
112,5,63,87,94,83,Pass
113,9,40,89,95,85,Pass
114,9,71,56,48,60,Pass
115,9,60,77,71,76,Pass
116,1,46,37,43,38,Fail
117,6,75,33,40,36,Fail
118,8,100,33,23,30,Pass
119,9,81,45,47,40,Pass
120,7,73,81,74,79,Pass
121,8,54,77,73,76,Pass
122,7,65,83,74,81,Pass
123,5,40,56,57,53,Fail
124,8,56,63,55,64,Pass
125,8,70,74,84,77,Pass
126,5,88,57,55,58,Pass
127,7,59,80,80,78,Pass
128,1,78,51,48,48,Fail
129,7,64,97,100,100,Pass
130,2,100,40,49,37,Fail
131,6,84,59,54,64,Pass
132,4,44,73,73,77,Fail
133,4,93,33,41,28,Fail
134,10,73,44,38,39,Pass
135,8,43,84,76,88,Pass
136,8,84,68,73,65,Pass
137,2,87,94,100,90,Pass
138,10,100,57,49,61,Pass
139,1,42,77,68,75,Fail
140,9,54,69,61,74,Pass
141,9,92,74,68,69,Pass
142,2,81,36,28,34,Fail
143,10,90,76,78,72,Pass
144,10,75,35,45,33,Pass
145,1,96,83,92,88,Pass
146,10,88,39,32,37,Pass
147,7,95,78,88,77,Pass
148,5,93,85,87,86,Pass
149,4,78,54,47,56,Fail
150,7,75,37,28,37,Fail
151,7,62,36,44,32,Fail
152,7,90,36,29,37,Pass
153,8,90,74,72,73,Pass
154,10,95,33,28,33,Pass
155,4,47,67,62,70,Fail
156,7,50,70,66,71,Pass
157,5,88,83,82,81,Pass
158,3,62,55,59,58,Fail
159,7,45,44,38,41,Fail
160,1,72,62,61,67,Fail
161,6,78,55,59,50,Pass
162,1,47,98,93,97,Fail
163,1,94,79,82,82,Pass
164,9,63,45,46,42,Pass
165,7,86,39,49,34,Pass
166,6,71,77,76,72,Pass
167,9,70,70,67,67,Pass
168,2,59,91,90,91,Pass
169,6,68,98,100,100,Pass
170,1,89,97,93,99,Pass
171,9,47,76,74,81,Pass
172,1,43,89,84,85,Fail
173,9,84,58,55,60,Pass
174,9,85,66,56,68,Pass
175,5,84,76,86,71,Pass
176,9,81,67,68,66,Pass
177,6,79,93,94,95,Pass
178,10,45,77,68,79,Pass
179,10,57,81,78,76,Pass
180,1,60,95,87,98,Fail
181,1,58,55,55,60,Fail
182,3,49,97,100,99,Pass
183,4,66,95,93,93,Pass
184,9,90,50,45,49,Pass
185,2,65,69,65,68,Fail
186,1,50,79,78,81,Fail
187,7,74,64,72,64,Pass
188,8,59,45,50,41,Fail
189,10,94,94,88,96,Pass
190,5,100,61,70,66,Pass
191,10,59,81,80,79,Pass
192,4,91,58,64,63,Pass
193,10,49,58,51,56,Pass
194,7,46,39,39,36,Fail
195,7,82,80,89,80,Pass
196,4,40,86,89,83,Fail
197,1,71,100,100,98,Pass
198,6,55,50,60,49,Fail
199,1,87,71,68,73,Fail
200,2,92,74,82,70,Pass
201,3,79,43,36,48,Fail
202,1,42,42,46,39,Fail
203,9,78,96,99,91,Pass
204,7,92,91,99,87,Pass
205,3,82,50,45,45,Fail
206,10,86,100,100,100,Pass
207,5,93,100,100,100,Pass
208,8,80,97,96,93,Pass
209,1,51,44,53,47,Fail
210,5,45,61,68,60,Fail
211,7,50,55,51,60,Fail
212,3,76,85,86,86,Pass
213,4,44,76,74,72,Fail
214,4,80,93,100,97,Pass
215,6,59,58,57,56,Fail
216,7,84,82,87,83,Pass
217,4,65,52,62,53,Fail
218,7,97,86,93,86,Pass
219,5,91,94,100,91,Pass
220,1,89,68,63,66,Fail
221,6,50,93,87,94,Pass
222,8,93,54,50,56,Pass
223,8,98,46,40,43,Pass
224,5,74,66,71,62,Pass
225,9,80,94,97,98,Pass
226,7,60,45,48,47,Fail
227,6,67,62,72,57,Pass
228,1,79,42,48,47,Fail
229,8,95,44,34,40,Pass
230,8,92,96,89,100,Pass
231,10,71,33,30,32,Pass
232,3,70,93,84,96,Pass
233,2,68,77,83,77,Fail
234,1,57,90,97,90,Fail
235,3,88,56,53,52,Fail
236,4,98,89,87,89,Pass
237,9,92,98,100,96,Pass
238,9,78,30,29,27,Pass
239,8,83,80,81,77,Pass
240,3,67,40,46,43,Fail
241,3,70,86,83,83,Pass
242,5,69,87,78,82,Pass
243,4,62,74,74,79,Pass
244,2,70,70,75,67,Fail
245,4,56,57,67,61,Fail
246,1,85,32,30,27,Fail
247,7,73,66,61,69,Pass
248,2,77,55,48,59,Fail
249,10,80,65,67,70,Pass
250,8,67,54,63,51,Pass
251,7,45,75,80,78,Pass
252,2,73,70,69,74,Fail
253,3,67,96,100,93,Pass
254,4,78,60,65,55,Fail
255,9,54,44,39,40,Pass
256,5,78,55,58,60,Pass
257,10,62,50,60,48,Pass
258,4,48,41,42,41,Fail
259,10,50,34,25,34,Fail
260,10,67,67,71,65,Pass
261,6,62,72,70,75,Pass
262,9,97,91,82,89,Pass
263,2,57,35,34,38,Fail
264,7,44,71,75,75,Pass
265,1,53,90,83,89,Fail
266,5,78,96,100,99,Pass
267,10,51,33,33,29,Fail
268,9,78,67,64,65,Pass
269,10,40,47,39,45,Pass
270,6,44,37,37,32,Fail
271,4,72,69,74,69,Pass
272,8,86,39,30,34,Pass
273,3,46,43,43,43,Fail
274,4,94,87,80,87,Pass
275,1,57,42,48,37,Fail
276,4,54,78,86,79,Fail
277,10,60,34,27,30,Pass
278,9,75,95,96,90,Pass
279,5,53,43,39,48,Fail
280,2,47,70,78,73,Fail
281,10,61,52,59,56,Pass
282,2,67,95,93,93,Pass
283,1,45,86,93,91,Fail
284,3,69,56,66,51,Fail
285,1,45,76,74,73,Fail
286,2,51,87,86,84,Fail
287,4,54,100,100,98,Pass
288,7,49,58,65,62,Fail
289,10,94,67,70,69,Pass
290,9,99,94,100,92,Pass
291,4,78,100,100,95,Pass
292,8,71,63,67,63,Pass
293,5,73,82,75,81,Pass
294,1,54,47,43,48,Fail
295,10,72,32,34,34,Pass
296,8,74,39,38,39,Pass
297,3,95,60,64,63,Pass
298,1,74,56,48,54,Fail
299,1,44,57,61,53,Fail
300,2,71,79,84,77,Fail
301,8,53,36,39,40,Fail
302,3,42,74,77,73,Fail
303,9,97,73,64,73,Pass
304,7,83,34,30,34,Fail
305,9,57,56,61,52,Pass
306,3,92,88,98,88,Pass
307,1,83,59,52,59,Fail
308,8,89,64,58,68,Pass
309,7,90,49,57,49,Pass
310,4,75,48,42,48,Fail
311,3,93,73,63,71,Pass
312,2,43,70,66,68,Fail
313,2,49,89,90,92,Fail
314,4,52,43,45,43,Fail
315,5,82,31,38,27,Fail
316,2,77,30,31,34,Fail
317,2,92,100,92,95,Pass
318,6,72,80,74,76,Pass
319,5,59,91,93,90,Pass
320,8,60,38,40,39,Fail
321,4,84,55,50,58,Fail
322,6,52,69,74,70,Pass
323,5,85,89,87,87,Pass
324,7,91,64,65,68,Pass
325,5,65,78,69,73,Pass
326,2,68,40,50,39,Fail
327,9,76,90,97,94,Pass
328,5,55,44,45,42,Fail
329,10,57,42,38,47,Pass
330,5,93,59,51,55,Pass
331,3,72,91,94,92,Pass
332,6,99,80,86,82,Pass
333,2,65,85,83,80,Fail
334,10,61,100,100,98,Pass
335,4,67,84,90,86,Pass
336,6,98,100,100,100,Pass
337,7,97,44,40,45,Pass
338,7,40,52,47,55,Fail
339,2,42,100,96,98,Fail
340,6,52,95,100,94,Pass
341,1,51,96,100,99,Fail
342,7,89,83,79,86,Pass
343,2,50,34,32,31,Fail
344,9,92,36,37,32,Pass
345,3,77,90,90,91,Pass
346,7,47,70,72,74,Pass
347,7,85,67,70,72,Pass
348,2,73,30,24,26,Fail
349,3,98,53,50,57,Fail
350,5,72,68,64,66,Pass
351,9,42,89,87,88,Pass
352,4,42,55,57,53,Fail
353,5,92,51,46,48,Pass
354,8,63,81,76,80,Pass
355,10,90,92,92,91,Pass
356,5,54,66,66,66,Fail
357,1,75,91,100,89,Pass
358,2,65,40,50,37,Fail
359,6,47,82,92,85,Pass
360,4,40,86,94,91,Fail
361,5,72,85,80,81,Pass
362,9,99,44,35,41,Pass
363,9,59,44,38,47,Pass
364,6,89,62,66,61,Pass
365,3,77,54,59,58,Fail
366,7,43,32,24,34,Fail
367,7,52,64,66,69,Pass
368,9,94,85,91,85,Pass
369,5,95,81,91,86,Pass
370,2,93,94,90,90,Pass
371,10,92,33,43,37,Pass
372,1,96,57,67,54,Fail
373,10,42,47,39,48,Pass
374,10,65,62,61,66,Pass
375,3,88,40,31,38,Fail
376,9,50,48,48,46,Pass
377,5,64,43,35,43,Fail
378,6,96,48,38,50,Pass
379,10,53,93,86,96,Pass
380,4,40,85,92,80,Fail
381,4,46,49,50,51,Fail
382,4,91,53,57,50,Pass
383,6,64,92,97,96,Pass
384,9,90,37,32,33,Pass
385,9,83,74,81,73,Pass
386,9,41,91,90,93,Pass
387,5,68,47,56,51,Fail
388,6,91,84,84,88,Pass
389,4,83,52,62,48,Fail
390,9,58,70,65,73,Pass
391,2,89,85,87,85,Pass
392,10,81,63,71,65,Pass
393,7,46,65,62,68,Pass
394,4,91,70,73,68,Pass
395,3,80,77,82,73,Pass
396,4,99,86,95,91,Pass
397,5,81,43,40,46,Fail
398,4,98,57,48,57,Pass
399,6,87,90,90,93,Pass
400,6,62,80,77,81,Pass
401,3,85,55,61,60,Fail
402,7,91,46,43,44,Pass
403,8,94,56,46,53,Pass
404,3,96,86,96,89,Pass
405,8,69,67,62,64,Pass
406,4,75,42,49,46,Fail
407,8,64,93,89,95,Pass
408,10,65,39,30,35,Pass
409,2,64,81,79,79,Fail
410,2,89,38,48,33,Fail
411,6,44,77,68,79,Pass
412,1,61,86,96,88,Fail
413,2,94,36,39,40,Fail
414,1,51,82,92,86,Fail
415,2,90,47,47,51,Fail
416,7,55,60,58,59,Pass
417,10,64,84,79,83,Pass
418,7,88,39,48,42,Pass
419,8,70,92,100,95,Pass
420,6,73,77,70,75,Pass
421,6,72,79,83,81,Pass
422,1,74,90,99,92,Pass
423,8,42,92,99,94,Pass
424,2,48,72,63,77,Fail
425,3,63,44,48,48,Fail
426,5,54,69,67,64,Fail
427,1,58,52,56,51,Fail
428,4,82,45,37,48,Fail
429,5,57,80,71,75,Pass
430,6,57,36,28,41,Fail
431,2,52,98,100,100,Pass
432,5,78,43,43,46,Fail
433,9,70,89,80,90,Pass
434,4,84,30,37,27,Fail
435,2,56,42,51,37,Fail
436,10,100,99,100,100,Pass
437,8,47,73,72,75,Pass
438,5,49,91,81,95,Pass
439,3,54,88,92,89,Pass
440,10,64,85,79,81,Pass
441,9,79,42,34,47,Pass
442,5,45,91,100,96,Pass
443,1,58,91,87,86,Fail
444,1,44,39,40,42,Fail
445,3,73,90,95,89,Pass
446,1,77,68,62,68,Fail
447,8,61,32,39,29,Fail
448,8,88,44,52,49,Pass
449,7,42,75,82,77,Pass
450,8,40,78,69,79,Pass
451,8,76,77,77,78,Pass
452,6,82,78,80,78,Pass
453,3,70,36,27,31,Fail
454,7,97,30,23,26,Pass
455,8,68,59,65,64,Pass
456,8,88,59,53,61,Pass
457,6,89,45,49,44,Pass
458,6,92,50,59,50,Pass
459,2,93,96,97,97,Pass
460,1,77,82,77,81,Fail
461,1,78,61,54,57,Fail
462,2,49,92,99,89,Fail
463,9,93,38,31,38,Pass
464,5,100,35,26,34,Fail
465,1,58,43,38,39,Fail
466,6,87,40,42,36,Pass
467,2,71,44,54,49,Fail
468,8,69,56,55,60,Pass
469,7,60,85,85,87,Pass
470,5,92,98,93,95,Pass
471,6,98,99,89,100,Pass
472,2,84,53,53,55,Fail
473,4,57,83,88,84,Pass
474,9,89,33,35,31,Pass
475,1,63,100,92,99,Pass
476,5,80,41,37,43,Fail
477,7,97,74,64,76,Pass
478,4,82,64,57,59,Pass
479,7,82,66,57,70,Pass
480,8,72,41,32,41,Pass
481,5,62,97,93,93,Pass
482,6,74,94,90,98,Pass
483,5,52,93,100,92,Pass
484,7,66,94,100,96,Pass
485,2,49,38,45,34,Fail
486,1,73,97,95,98,Pass
487,8,53,43,40,47,Fail
488,2,98,88,98,91,Pass
489,6,88,62,54,65,Pass
490,1,87,54,57,49,Fail
491,3,68,60,55,60,Fail
492,2,54,85,84,83,Fail
493,3,42,70,67,72,Fail
494,6,97,63,69,60,Pass
495,5,100,33,40,30,Fail
496,10,52,86,94,84,Pass
497,6,72,50,45,53,Fail
498,10,82,82,83,81,Pass
499,3,60,33,32,29,Fail
500,10,44,70,65,68,Pass
501,7,51,57,52,58,Fail
502,9,45,52,50,55,Pass
503,7,59,60,58,61,Pass
504,9,59,50,47,52,Pass
505,7,44,44,37,44,Fail
506,9,70,80,74,77,Pass
507,4,94,91,98,88,Pass
508,8,89,36,44,31,Pass
509,8,41,87,85,89,Pass
510,5,93,91,90,93,Pass
511,7,68,82,78,83,Pass
512,7,71,78,76,81,Pass
513,5,73,40,38,43,Fail
514,6,74,41,33,44,Fail
515,6,79,53,50,55,Pass
516,5,63,30,31,27,Fail
517,8,49,83,73,79,Pass
518,5,52,74,67,75,Pass
519,10,72,35,25,35,Pass
520,9,74,95,95,94,Pass
521,1,98,90,94,92,Pass
522,9,46,87,86,84,Pass
523,1,42,54,48,54,Fail
524,5,61,90,87,95,Pass
525,7,64,33,26,36,Fail
526,1,71,96,99,95,Pass
527,9,51,81,73,86,Pass
528,8,43,48,48,52,Fail
529,1,55,100,100,100,Fail
530,7,55,41,40,43,Fail
531,5,76,58,68,63,Pass
532,3,65,57,52,62,Fail
533,2,67,33,24,28,Fail
534,4,86,30,38,35,Fail
535,9,96,65,69,66,Pass
536,1,62,92,84,95,Fail
537,10,92,71,61,69,Pass
538,7,73,36,28,33,Fail
539,3,90,93,84,90,Pass
540,5,90,65,71,70,Pass
541,9,47,67,57,65,Pass
542,9,81,56,46,52,Pass
543,5,69,31,37,28,Fail
544,6,58,96,94,100,Pass
545,4,95,32,41,29,Fail
546,4,42,56,58,58,Fail
547,7,67,60,61,57,Pass
548,2,71,98,100,98,Pass
549,7,88,64,56,59,Pass
550,5,76,73,81,77,Pass
551,1,80,100,100,100,Pass
552,9,46,77,77,79,Pass
553,10,92,66,62,62,Pass
554,6,43,78,70,74,Pass
555,8,50,40,46,40,Fail
556,2,47,73,76,75,Fail
557,3,62,45,47,46,Fail
558,4,92,50,45,55,Fail
559,2,66,60,63,63,Fail
560,3,98,42,43,37,Fail
561,10,78,51,57,48,Pass
562,8,65,43,35,41,Pass
563,9,69,90,83,94,Pass
564,9,70,75,77,72,Pass
565,9,73,98,99,97,Pass
566,2,65,47,38,48,Fail
567,6,63,52,43,48,Fail
568,5,90,76,79,74,Pass
569,3,77,77,76,81,Pass
570,7,73,81,73,86,Pass
571,2,96,66,64,68,Pass
572,3,87,59,56,57,Fail
573,5,95,63,70,63,Pass
574,3,74,43,44,46,Fail
575,8,94,93,84,89,Pass
576,6,86,88,84,92,Pass
577,1,53,58,55,59,Fail
578,7,42,78,70,78,Pass
579,5,40,70,71,75,Fail
580,3,99,31,25,35,Fail
581,6,43,97,87,97,Pass
582,10,90,59,50,62,Pass
583,3,61,57,58,59,Fail
584,9,52,94,95,93,Pass
585,2,71,58,63,55,Fail
586,5,100,61,69,60,Pass
587,7,92,70,77,72,Pass
588,1,89,77,75,81,Pass
589,3,45,32,30,36,Fail
590,5,45,75,85,74,Fail
591,7,78,67,77,68,Pass
592,3,64,90,82,93,Pass
593,3,77,60,66,65,Fail
594,9,92,34,26,35,Pass
595,4,46,61,68,64,Fail
596,4,64,90,96,95,Pass
597,8,81,97,93,98,Pass
598,8,90,98,99,100,Pass
599,6,41,71,61,71,Fail
600,5,47,38,34,42,Fail
601,1,95,48,47,47,Fail
602,1,67,53,54,55,Fail
603,10,71,80,79,77,Pass
604,2,84,62,70,66,Fail
605,2,88,85,89,84,Pass
606,7,98,65,72,70,Pass
607,3,45,65,70,60,Fail
608,3,72,78,73,83,Pass
609,9,54,38,30,37,Fail
610,4,40,53,53,58,Fail
611,3,45,48,41,44,Fail
612,7,80,68,64,65,Pass
613,8,55,30,26,26,Fail
614,9,81,56,64,52,Pass
615,10,99,81,86,85,Pass
616,10,51,72,70,74,Pass
617,7,67,93,87,95,Pass
618,7,41,34,34,34,Fail
619,4,99,84,85,83,Pass
620,2,69,54,55,58,Fail
621,4,48,49,49,47,Fail
622,5,91,72,70,73,Pass
623,1,58,70,75,74,Fail
624,4,51,36,28,32,Fail
625,10,83,44,34,42,Pass
626,8,75,79,73,79,Pass
627,4,92,93,95,98,Pass
628,5,48,77,78,72,Pass
629,10,95,47,44,50,Pass
630,3,81,64,65,61,Fail
631,10,97,77,70,79,Pass
632,1,86,31,39,35,Fail
633,1,58,89,79,88,Fail
634,10,92,90,94,92,Pass
635,7,50,32,36,30,Fail
636,7,55,89,79,88,Pass
637,10,41,40,48,36,Fail
638,2,48,33,32,30,Fail
639,5,76,38,29,40,Fail
640,5,73,91,90,87,Pass
641,10,67,62,63,65,Pass
642,3,57,51,47,47,Fail
643,3,75,72,63,76,Pass
644,2,86,69,66,70,Fail
645,3,42,53,57,54,Fail
646,7,79,41,37,41,Pass
647,9,82,46,43,50,Pass
648,7,94,43,41,46,Pass
649,1,90,47,53,45,Fail
650,8,46,39,40,44,Fail
651,3,50,47,48,43,Fail
652,9,72,77,80,75,Pass
653,10,62,72,68,67,Pass
654,3,64,89,91,88,Pass
655,7,100,41,38,46,Pass
656,7,53,57,48,61,Fail
657,9,71,41,31,43,Pass
658,7,64,81,72,77,Pass
659,10,59,55,55,51,Pass
660,7,100,93,85,94,Pass
661,10,67,93,88,93,Pass
662,9,93,38,34,39,Pass
663,10,84,70,68,73,Pass
664,3,93,73,82,73,Pass
665,1,45,62,55,58,Fail
666,8,73,87,87,91,Pass
667,1,96,40,46,37,Fail
668,9,40,47,46,45,Fail
669,6,41,46,53,43,Fail
670,10,88,77,72,74,Pass
671,8,72,78,88,77,Pass
672,5,50,85,90,90,Pass
673,3,79,55,54,60,Fail
674,10,58,40,50,36,Pass
675,2,100,86,80,81,Pass
676,2,76,40,45,35,Fail
677,3,84,51,48,49,Fail
678,2,80,45,42,44,Fail
679,8,55,85,85,89,Pass
680,8,67,56,50,60,Pass
681,6,56,69,67,68,Pass
682,7,47,79,77,78,Pass
683,6,78,62,67,60,Pass
684,7,72,52,54,57,Pass
685,1,48,30,23,32,Fail
686,1,66,30,34,28,Fail
687,10,42,36,44,34,Fail
688,2,72,95,98,96,Pass
689,5,69,73,79,78,Pass
690,8,55,99,100,95,Pass
691,4,44,49,50,44,Fail
692,6,52,54,44,51,Fail
693,4,55,55,52,53,Fail
694,2,90,95,85,91,Pass
695,1,47,66,59,65,Fail
696,7,93,80,87,81,Pass
697,1,92,63,61,61,Fail
698,2,99,31,31,35,Fail
699,6,99,48,39,44,Pass
700,7,83,77,84,74,Pass
701,2,99,100,100,100,Pass
702,2,57,39,45,34,Fail
703,5,49,31,26,35,Fail
704,4,78,88,83,86,Pass
705,8,40,99,100,94,Pass
706,2,69,74,80,79,Fail
707,1,52,70,78,71,Fail
708,1,53,83,87,88,Fail
709,10,87,89,99,89,Pass
710,5,94,35,45,37,Fail
711,3,65,43,41,47,Fail
712,9,85,87,96,89,Pass
713,6,78,33,31,29,Fail
714,8,88,38,43,36,Pass
715,5,89,62,65,66,Pass
716,10,72,77,76,81,Pass
717,9,78,50,44,48,Pass
718,4,74,92,83,97,Pass
719,6,96,75,66,70,Pass
720,6,55,78,75,78,Pass
721,8,63,70,77,75,Pass
722,4,44,92,85,93,Pass
723,9,53,96,100,96,Pass
724,1,96,95,95,95,Pass
725,8,85,45,48,43,Pass
726,7,66,33,26,28,Fail
727,9,65,38,35,34,Pass
728,3,70,59,53,54,Fail
729,3,98,63,64,65,Pass
730,6,100,54,64,50,Pass
731,7,42,99,91,100,Pass
732,10,42,76,80,78,Pass
733,7,86,74,72,71,Pass
734,7,74,58,64,60,Pass
735,6,50,38,33,40,Fail
736,2,71,82,78,79,Pass
737,6,52,37,31,38,Fail
738,7,95,42,39,40,Pass
739,5,95,62,68,63,Pass
740,2,50,43,39,47,Fail
741,3,48,94,91,98,Pass
742,6,41,100,90,100,Pass
743,1,76,36,44,33,Fail
744,3,52,70,63,66,Fail
745,10,96,92,87,95,Pass
746,9,99,98,92,93,Pass
747,7,89,80,73,76,Pass
748,8,98,52,43,50,Pass
749,6,80,36,44,35,Fail
750,8,65,74,77,72,Pass
751,2,83,86,85,86,Pass
752,2,66,89,82,84,Pass
753,4,78,31,38,28,Fail
754,8,96,37,27,41,Pass
755,10,75,92,94,90,Pass
756,3,47,79,89,77,Fail
757,1,87,69,67,73,Fail
758,8,100,55,59,55,Pass
759,3,82,32,36,30,Fail
760,3,98,54,47,59,Pass
761,1,80,63,63,62,Fail
762,9,45,97,87,93,Pass
763,5,43,41,34,40,Fail
764,9,68,82,88,79,Pass
765,6,41,55,50,59,Fail
766,7,79,43,50,41,Pass
767,1,83,56,64,54,Fail
768,5,91,84,77,81,Pass
769,2,51,46,39,49,Fail
770,8,87,42,36,43,Pass
771,8,93,31,31,26,Pass
772,2,86,98,99,100,Pass
773,7,81,67,70,72,Pass
774,10,70,76,76,72,Pass
775,6,56,32,25,31,Fail
776,7,95,93,98,89,Pass
777,1,64,73,65,70,Fail
778,2,46,87,84,87,Fail
779,2,82,98,100,100,Pass
780,4,92,31,34,30,Fail
781,3,50,53,61,52,Fail
782,3,82,45,42,45,Fail
783,10,42,72,69,74,Pass
784,3,58,75,76,77,Fail
785,5,69,59,65,64,Fail
786,9,100,69,69,68,Pass
787,4,51,58,58,63,Fail
788,5,96,59,66,61,Pass
789,5,79,52,45,51,Fail
790,4,62,83,75,79,Pass
791,7,45,43,48,44,Fail
792,5,82,78,82,82,Pass
793,6,48,82,91,84,Pass
794,7,95,73,82,69,Pass
795,6,99,95,98,98,Pass
796,2,58,88,95,84,Fail
797,1,71,76,66,72,Fail
798,10,97,79,72,75,Pass
799,6,77,76,83,77,Pass
800,4,66,90,90,91,Pass
801,9,82,64,59,62,Pass
802,7,92,70,68,69,Pass
803,8,85,40,38,39,Pass
804,3,42,97,100,93,Pass
805,2,65,53,62,56,Fail
806,7,54,69,62,69,Pass
807,2,96,91,86,89,Pass
808,8,81,93,100,92,Pass
809,2,41,79,86,77,Fail
810,3,45,60,59,55,Fail
811,4,95,98,100,100,Pass
812,7,64,51,49,47,Pass
813,7,53,88,92,86,Pass
814,5,44,40,50,37,Fail
815,7,41,70,68,70,Pass
816,9,96,95,88,93,Pass
817,6,63,44,40,42,Fail
818,4,99,87,81,87,Pass
819,2,89,70,71,69,Pass
820,5,77,88,78,86,Pass
821,6,99,63,72,66,Pass
822,10,82,85,77,88,Pass
823,4,63,45,49,41,Fail
824,2,48,85,84,80,Fail
825,4,60,42,43,43,Fail
826,8,63,55,51,59,Pass
827,2,60,56,59,55,Fail
828,7,57,82,89,82,Pass
829,8,76,68,67,66,Pass
830,4,93,55,54,50,Pass
831,9,41,41,44,36,Fail
832,10,68,86,91,82,Pass
833,7,47,97,88,95,Pass
834,10,92,94,96,98,Pass
835,8,44,84,75,83,Pass
836,6,87,72,70,76,Pass
837,9,96,86,77,87,Pass
838,4,68,49,53,47,Fail
839,10,73,49,52,44,Pass
840,1,61,90,93,85,Fail
841,10,95,54,51,55,Pass
842,3,99,67,66,66,Pass
843,7,96,63,73,65,Pass
844,1,62,80,71,79,Fail
845,10,95,53,48,49,Pass
846,4,64,72,77,68,Pass
847,8,75,97,91,100,Pass
848,4,57,68,77,72,Fail
849,4,45,82,72,78,Fail
850,1,47,81,86,86,Fail
851,7,75,53,63,55,Pass
852,7,67,55,65,52,Pass
853,5,46,32,29,34,Fail
854,10,96,39,42,44,Pass
855,3,84,88,89,87,Pass
856,2,76,60,53,64,Fail
857,8,70,86,83,83,Pass
858,7,46,74,80,76,Pass
859,4,67,43,53,41,Fail
860,6,45,92,100,92,Pass
861,5,48,41,44,42,Fail
862,2,94,59,63,61,Fail
863,7,54,77,76,76,Pass
864,1,99,80,75,77,Pass
865,6,82,49,57,49,Pass
866,3,61,52,60,47,Fail
867,3,65,68,64,72,Fail
868,2,47,64,68,63,Fail
869,8,48,47,38,49,Fail
870,1,92,85,77,80,Pass
871,10,66,42,43,41,Pass
872,8,43,51,56,52,Fail
873,5,45,44,38,42,Fail
874,7,49,69,63,71,Pass
875,8,84,51,61,50,Pass
876,8,93,61,62,61,Pass
877,9,55,73,64,69,Pass
878,5,40,33,43,30,Fail
879,2,48,49,55,46,Fail
880,5,79,61,63,60,Pass
881,10,70,76,81,81,Pass
882,3,59,43,45,39,Fail
883,10,98,93,92,95,Pass
884,2,61,46,51,47,Fail
885,5,83,77,84,79,Pass
886,6,98,65,55,64,Pass
887,8,69,45,44,47,Pass
888,5,48,49,48,53,Fail
889,7,88,61,51,63,Pass
890,6,92,30,29,25,Fail
891,9,88,76,77,78,Pass
892,7,78,31,34,27,Fail
893,2,66,32,36,36,Fail
894,7,69,57,62,57,Pass
895,9,60,62,57,65,Pass
896,8,97,75,65,70,Pass
897,1,89,39,34,43,Fail
898,6,84,100,90,100,Pass
899,7,78,34,26,35,Fail
900,1,69,88,92,86,Fail
901,5,80,85,92,81,Pass
902,3,68,75,85,80,Fail
903,9,100,51,43,54,Pass
904,2,92,90,81,95,Pass
905,8,59,70,67,74,Pass
906,6,73,49,40,47,Fail
907,10,69,45,36,45,Pass
908,6,55,56,58,61,Fail
909,10,48,58,55,60,Pass
910,8,58,71,80,69,Pass
911,6,62,61,56,60,Pass
912,5,89,64,57,68,Pass
913,4,64,44,44,41,Fail
914,10,43,49,58,46,Pass
915,10,67,34,42,32,Pass
916,9,90,32,27,32,Pass
917,8,64,82,76,78,Pass
918,3,44,67,65,66,Fail
919,2,62,75,69,74,Fail
920,3,70,53,46,49,Fail
921,10,57,82,77,83,Pass
922,4,44,96,98,92,Pass
923,9,43,43,35,43,Fail
924,2,87,68,68,73,Fail
925,8,40,35,30,30,Fail
926,2,70,70,66,67,Fail
927,9,89,84,75,81,Pass
928,4,51,69,66,64,Fail
929,5,70,84,78,85,Pass
930,10,86,37,39,35,Pass
931,7,49,78,83,79,Pass
932,9,48,87,86,88,Pass
933,6,96,92,83,97,Pass
934,2,72,77,74,76,Fail
935,9,55,78,81,76,Pass
936,5,58,81,71,76,Pass
937,4,83,83,80,80,Pass
938,3,40,97,97,98,Fail
939,9,65,65,58,63,Pass
940,10,84,51,41,50,Pass
941,3,72,77,68,79,Pass
942,5,45,46,50,49,Fail
943,5,53,37,40,34,Fail
944,9,69,75,68,71,Pass
945,6,41,69,74,72,Fail
946,3,93,84,76,79,Pass
947,10,72,71,70,68,Pass
948,5,55,45,50,42,Fail
949,6,98,91,87,94,Pass
950,10,62,55,51,53,Pass
951,1,49,84,75,79,Fail
952,1,75,73,75,77,Fail
953,2,53,55,61,50,Fail
954,2,75,92,99,89,Pass
955,5,75,90,87,85,Pass
956,8,66,70,66,73,Pass
957,6,68,86,80,84,Pass
958,5,69,86,90,91,Pass
959,5,96,48,58,44,Pass
960,3,73,76,77,71,Pass
961,7,52,32,35,30,Fail
962,4,45,84,89,81,Fail
963,1,73,41,42,42,Fail
964,3,50,98,88,98,Pass
965,7,64,73,75,77,Pass
966,8,45,67,61,67,Pass
967,8,46,61,52,64,Pass
968,5,72,35,44,31,Fail
969,4,75,30,38,30,Fail
970,8,55,50,54,49,Pass
971,3,62,86,82,87,Pass
972,4,40,30,23,35,Fail
973,8,91,53,44,50,Pass
974,7,58,77,79,74,Pass
975,2,64,79,70,81,Fail
976,3,89,89,85,84,Pass
977,4,46,70,72,74,Fail
978,10,84,97,100,100,Pass
979,1,48,76,72,76,Fail
980,9,64,78,78,76,Pass
981,7,49,84,93,89,Pass
982,4,65,70,74,70,Fail
983,10,75,53,55,49,Pass
984,9,62,32,36,33,Fail
985,2,72,51,42,51,Fail
986,4,57,90,87,86,Pass
987,10,92,44,42,44,Pass
988,8,94,73,70,71,Pass
989,5,55,98,97,95,Pass
990,3,76,84,88,87,Pass
991,2,48,52,46,55,Fail
992,10,67,48,44,50,Pass
993,7,94,49,44,50,Pass
994,1,74,66,56,71,Fail
995,3,69,50,55,52,Fail
996,7,58,35,40,34,Fail
997,2,86,79,89,76,Pass
998,2,90,51,48,53,Fail
999,8,69,92,100,97,Pass
1000,4,52,61,60,61,Fail
1001,10,99,85,93,83,Pass
1002,2,57,58,54,58,Fail
1003,9,60,95,93,95,Pass
1004,2,82,79,72,83,Pass
1005,3,99,49,40,48,Fail
1006,8,84,37,28,35,Pass
1007,4,79,87,96,85,Pass
1008,5,47,67,73,64,Fail
1009,8,95,48,51,48,Pass
1010,5,66,93,83,98,Pass
1011,3,43,85,92,85,Fail
1012,6,81,40,39,42,Fail
1013,5,52,81,86,83,Pass
1014,7,68,71,81,76,Pass
1015,2,70,79,85,75,Fail
1016,9,48,98,100,93,Pass
1017,4,76,98,100,96,Pass
1018,9,94,47,37,43,Pass
1019,10,85,82,87,80,Pass
1020,1,76,46,48,48,Fail
1021,5,87,34,39,36,Fail
1022,8,78,45,49,45,Pass
1023,8,55,41,38,44,Fail
1024,4,72,40,35,38,Fail
1025,6,78,34,43,29,Fail
1026,4,51,56,48,60,Fail
1027,9,83,60,65,61,Pass
1028,4,85,68,59,68,Pass
1029,6,94,90,80,94,Pass
1030,1,43,52,60,47,Fail
1031,6,57,39,44,36,Fail
1032,9,85,39,39,42,Pass
1033,10,52,64,65,59,Pass
1034,4,87,93,98,89,Pass
1035,10,89,99,100,95,Pass
1036,5,73,47,41,45,Fail
1037,7,58,95,100,91,Pass
1038,7,98,51,59,56,Pass
1039,5,96,88,92,85,Pass
1040,10,78,67,62,72,Pass
1041,10,98,79,87,80,Pass
1042,10,75,53,51,50,Pass
1043,1,63,65,74,64,Fail
1044,4,56,64,59,61,Fail
1045,8,49,58,49,53,Pass
1046,9,93,47,48,43,Pass
1047,4,67,62,69,67,Fail
1048,4,68,84,90,89,Pass
1049,3,79,66,59,68,Fail
1050,3,50,53,43,53,Fail
1051,3,71,67,71,62,Fail
1052,2,69,44,53,43,Fail
1053,1,88,84,92,84,Pass
1054,5,71,35,32,32,Fail
1055,8,40,52,47,50,Fail
1056,2,46,88,80,87,Fail
1057,1,91,33,37,38,Fail
1058,8,77,70,62,75,Pass
1059,3,51,41,33,41,Fail
1060,5,92,60,55,56,Pass
1061,5,89,81,84,83,Pass
1062,1,86,46,45,48,Fail
1063,9,70,48,47,43,Pass
1064,3,65,37,32,36,Fail
1065,4,48,42,32,40,Fail
1066,6,79,100,100,100,Pass
1067,10,90,70,60,70,Pass
1068,6,52,97,100,98,Pass
1069,10,91,75,69,77,Pass
1070,7,97,98,100,93,Pass
1071,7,87,70,63,74,Pass
1072,9,85,41,32,46,Pass
1073,7,48,54,58,59,Fail
1074,9,97,52,62,50,Pass
1075,7,55,68,58,73,Pass
1076,4,48,59,49,62,Fail
1077,4,100,61,56,56,Pass
1078,2,75,50,46,45,Fail
1079,9,61,45,51,48,Pass
1080,5,66,82,79,80,Pass
1081,10,59,56,52,51,Pass
1082,9,90,37,38,40,Pass
1083,2,67,95,100,99,Pass
1084,7,65,61,54,60,Pass
1085,3,45,57,61,59,Fail
1086,7,46,61,54,61,Fail
1087,8,100,93,83,98,Pass
1088,9,100,42,51,40,Pass
1089,1,55,99,100,100,Fail
1090,4,84,49,51,53,Fail
1091,2,81,79,75,84,Pass
1092,2,59,91,93,87,Pass
1093,4,77,44,52,39,Fail
1094,2,99,61,69,62,Pass
1095,6,84,46,54,46,Pass
1096,8,89,81,83,78,Pass
1097,9,44,67,72,70,Pass
1098,5,47,76,83,75,Fail
1099,8,41,36,32,38,Fail
1100,8,88,91,87,93,Pass
1101,4,90,58,64,58,Pass
1102,8,89,62,68,62,Pass
1103,3,63,48,46,51,Fail
1104,2,57,89,93,91,Fail
1105,8,59,45,49,44,Fail
1106,9,68,57,47,57,Pass
1107,10,45,41,51,42,Fail
1108,5,60,65,61,67,Fail
1109,8,90,30,20,26,Pass
1110,3,69,94,97,93,Pass
1111,8,73,98,100,93,Pass
1112,1,63,100,97,100,Pass
1113,9,45,30,34,31,Fail
1114,6,45,97,100,100,Pass
1115,5,76,53,62,54,Fail
1116,2,100,63,64,66,Pass
1117,7,70,92,99,97,Pass
1118,3,79,35,39,32,Fail
1119,7,100,68,63,71,Pass
1120,7,85,59,68,59,Pass
1121,10,98,65,57,64,Pass
1122,9,80,55,50,58,Pass
1123,6,91,65,74,65,Pass
1124,4,79,68,66,72,Pass
1125,10,41,63,66,60,Pass
1126,4,68,47,46,44,Fail
1127,4,47,87,95,89,Pass
1128,7,88,33,38,35,Pass
1129,10,90,64,54,64,Pass
1130,3,85,97,88,97,Pass
1131,4,97,70,78,74,Pass
1132,5,83,93,97,93,Pass
1133,6,72,62,72,66,Pass
1134,5,86,71,64,74,Pass
1135,10,99,37,37,38,Pass
1136,7,61,84,88,86,Pass
1137,5,59,92,89,87,Pass
1138,10,96,31,26,34,Pass
1139,7,53,89,79,84,Pass
1140,9,43,40,50,44,Fail
1141,9,59,42,50,47,Pass
1142,2,59,54,52,49,Fail
1143,9,96,90,86,93,Pass
1144,9,89,87,81,87,Pass
1145,2,54,73,65,78,Fail
1146,4,58,81,82,84,Pass
1147,7,86,88,84,92,Pass
1148,1,66,81,73,82,Fail
1149,3,48,32,26,32,Fail
1150,5,57,38,29,34,Fail
1151,6,62,86,96,81,Pass
1152,9,63,33,33,37,Fail
1153,1,89,76,79,73,Pass
1154,1,87,33,33,37,Fail
1155,9,92,55,61,55,Pass
1156,3,61,67,60,64,Fail
1157,2,69,56,58,51,Fail
1158,1,81,67,61,62,Fail
1159,8,65,34,42,33,Fail
1160,3,43,73,83,74,Fail
1161,1,83,50,52,54,Fail
1162,4,63,70,72,71,Fail
1163,3,88,34,38,38,Fail
1164,2,100,74,69,76,Pass
1165,2,94,94,85,99,Pass
1166,3,55,53,57,55,Fail
1167,8,72,94,87,90,Pass
1168,3,48,92,95,94,Pass
1169,4,78,70,63,71,Pass
1170,10,42,81,72,83,Pass
1171,2,57,79,88,79,Fail
1172,6,78,32,25,30,Fail
1173,1,69,56,50,55,Fail
1174,10,100,79,77,77,Pass
1175,2,73,89,88,84,Pass
1176,6,87,46,40,45,Pass
1177,1,53,41,36,39,Fail
1178,6,69,99,100,100,Pass
1179,8,50,100,97,100,Pass
1180,9,89,35,37,38,Pass
1181,2,52,76,66,73,Fail
1182,8,71,78,73,75,Pass
1183,4,65,42,36,42,Fail
1184,7,47,68,74,63,Pass
1185,3,73,67,57,62,Fail
1186,1,64,55,46,53,Fail
1187,5,45,44,48,47,Fail
1188,9,96,58,60,57,Pass
1189,7,96,77,72,79,Pass
1190,3,55,93,95,95,Pass
1191,7,77,65,74,65,Pass
1192,4,66,60,50,65,Fail
1193,6,46,82,92,83,Pass
1194,2,81,84,86,88,Pass
1195,8,75,53,63,48,Pass
1196,9,55,32,30,27,Fail
1197,9,57,35,35,37,Fail
1198,10,41,83,73,84,Pass
1199,3,48,94,100,97,Pass
1200,5,47,35,27,31,Fail
1201,5,89,86,83,87,Pass
1202,8,40,56,61,52,Fail
1203,8,64,58,49,56,Pass
1204,5,77,38,43,37,Fail
1205,5,43,31,21,28,Fail
1206,9,44,74,68,71,Pass
1207,4,76,92,99,93,Pass
1208,3,83,98,100,98,Pass
1209,2,94,68,78,67,Pass
1210,6,78,93,88,95,Pass
1211,4,83,62,59,63,Pass
1212,2,81,80,85,82,Pass
1213,1,77,78,86,73,Fail
1214,9,61,58,62,54,Pass
1215,7,84,61,57,64,Pass
1216,5,66,88,94,92,Pass
1217,6,64,35,30,31,Fail
1218,1,70,33,33,33,Fail
1219,9,42,68,77,72,Pass
1220,1,57,47,41,46,Fail
1221,3,75,46,45,49,Fail
1222,4,78,65,73,60,Pass
1223,5,47,40,33,43,Fail
1224,10,94,56,47,53,Pass
1225,8,100,37,46,40,Pass
1226,1,69,43,38,41,Fail
1227,8,59,37,35,35,Fail
1228,8,66,96,89,100,Pass
1229,10,93,93,100,89,Pass
1230,8,86,90,91,87,Pass
1231,5,78,93,92,88,Pass
1232,8,64,86,81,82,Pass
1233,9,69,41,40,41,Pass
1234,7,47,39,48,38,Fail
1235,8,79,41,47,44,Pass
1236,7,48,74,80,79,Pass
1237,2,92,67,58,72,Pass
1238,9,99,34,34,32,Pass
1239,2,97,57,55,62,Fail
1240,1,91,76,83,81,Pass
1241,2,58,76,86,76,Fail
1242,10,56,100,100,100,Pass
1243,10,66,40,42,43,Pass
1244,9,95,37,28,32,Pass
1245,8,44,38,30,37,Fail
1246,5,71,88,79,87,Pass
1247,1,94,69,68,73,Fail
1248,10,44,47,56,51,Pass
1249,3,50,61,51,60,Fail
1250,8,72,99,96,100,Pass
1251,3,48,91,87,87,Fail
1252,7,66,83,76,80,Pass
1253,7,86,38,36,40,Pass
1254,1,57,41,48,42,Fail
1255,9,49,96,87,92,Pass
1256,10,76,91,85,95,Pass
1257,4,86,50,53,52,Fail
1258,5,67,100,95,95,Pass
1259,9,85,79,79,83,Pass
1260,7,55,65,62,63,Pass
1261,6,83,95,98,93,Pass
1262,6,68,97,90,98,Pass
1263,8,65,100,100,98,Pass
1264,9,93,100,98,100,Pass
1265,7,92,97,100,98,Pass
1266,5,84,100,94,100,Pass
1267,6,41,100,96,100,Pass
1268,9,55,80,83,82,Pass
1269,2,91,75,76,71,Pass
1270,9,46,98,100,96,Pass
1271,1,55,30,34,32,Fail
1272,1,83,56,50,55,Fail
1273,6,98,50,53,55,Pass
1274,2,69,64,64,63,Fail
1275,10,42,30,26,35,Fail
1276,4,53,67,71,62,Fail
1277,6,74,85,82,81,Pass
1278,7,62,32,27,31,Fail
1279,3,78,82,74,80,Pass
1280,6,86,45,47,48,Pass
1281,5,93,84,91,80,Pass
1282,8,63,86,92,81,Pass
1283,7,93,81,79,83,Pass
1284,5,92,90,93,91,Pass
1285,6,71,49,47,52,Fail
1286,7,93,73,81,75,Pass
1287,1,63,73,77,74,Fail
1288,8,91,79,77,78,Pass
1289,10,77,65,58,62,Pass
1290,4,92,75,65,79,Pass
1291,3,71,47,50,47,Fail
1292,10,76,61,66,63,Pass
1293,10,48,83,73,83,Pass
1294,1,47,50,50,48,Fail
1295,1,52,84,82,86,Fail
1296,10,50,71,67,70,Pass
1297,3,64,49,41,53,Fail
1298,7,94,80,72,80,Pass
1299,10,60,80,78,83,Pass
1300,4,61,70,72,74,Fail
1301,9,91,55,51,50,Pass
1302,2,94,61,67,59,Fail
1303,5,67,53,59,55,Fail
1304,8,81,42,47,46,Pass
1305,1,56,61,68,59,Fail
1306,3,79,84,80,88,Pass
1307,6,69,45,46,48,Fail
1308,7,79,97,100,98,Pass
1309,10,72,39,30,41,Pass
1310,6,62,85,89,82,Pass
1311,4,89,72,76,70,Pass
1312,4,93,63,69,63,Pass
1313,7,75,73,69,75,Pass
1314,4,49,38,32,34,Fail
1315,8,58,66,70,67,Pass
1316,9,65,84,92,81,Pass
1317,5,47,41,51,36,Fail
1318,2,73,39,44,44,Fail
1319,5,85,89,84,86,Pass
1320,10,67,62,72,61,Pass
1321,6,98,64,58,67,Pass
1322,7,43,82,90,86,Pass
1323,3,85,47,46,47,Fail
1324,8,65,91,88,86,Pass
1325,8,79,60,65,64,Pass
1326,8,50,59,51,55,Pass
1327,8,92,36,34,34,Pass
1328,1,79,76,73,72,Fail
1329,4,68,32,36,37,Fail
1330,5,50,52,55,57,Fail
1331,4,97,58,59,55,Pass
1332,6,67,55,45,52,Pass
1333,6,71,35,34,33,Fail
1334,5,92,65,68,61,Pass
1335,2,75,37,36,38,Fail
1336,4,86,65,63,68,Pass
1337,7,49,57,65,57,Fail
1338,9,55,55,58,59,Pass
1339,1,70,33,37,32,Fail
1340,1,41,61,52,58,Fail
1341,4,56,58,56,53,Fail
1342,1,89,49,40,46,Fail
1343,2,59,36,44,38,Fail
1344,5,92,79,69,80,Pass
1345,6,55,58,62,54,Fail
1346,4,49,79,75,83,Fail
1347,1,96,75,75,71,Pass
1348,4,67,86,95,81,Pass
1349,6,82,73,79,69,Pass
1350,5,83,45,43,43,Fail
1351,3,62,63,69,62,Fail
1352,1,94,89,79,94,Pass
1353,9,88,72,72,74,Pass
1354,8,85,62,67,58,Pass
1355,6,93,48,46,46,Pass
1356,9,100,74,67,70,Pass
1357,1,86,40,44,44,Fail
1358,6,66,91,87,90,Pass
1359,2,56,47,45,42,Fail
1360,5,44,91,92,95,Pass
1361,1,94,71,70,76,Fail
1362,8,43,76,77,74,Pass
1363,5,49,44,39,44,Fail
1364,10,96,85,82,85,Pass
1365,7,99,40,43,36,Pass
1366,9,97,66,65,70,Pass
1367,2,97,77,82,82,Pass
1368,9,60,87,92,86,Pass
1369,1,96,55,48,54,Fail
1370,1,97,78,84,83,Pass
1371,10,98,99,90,94,Pass
1372,3,48,68,77,68,Fail
1373,6,58,34,38,36,Fail
1374,3,87,99,95,100,Pass
1375,1,58,59,56,60,Fail
1376,4,82,50,55,47,Fail
1377,1,49,59,66,63,Fail
1378,2,51,69,66,73,Fail
1379,4,46,60,50,59,Fail
1380,8,72,73,74,74,Pass
1381,4,93,64,60,65,Pass
1382,4,65,74,84,71,Pass
1383,10,75,44,39,40,Pass
1384,7,96,34,34,31,Pass
1385,6,65,94,98,93,Pass
1386,8,69,65,70,66,Pass
1387,3,71,89,83,88,Pass
1388,8,70,67,67,66,Pass
1389,1,67,80,77,83,Fail
1390,9,48,53,43,55,Pass
1391,3,89,43,44,46,Fail
1392,7,80,87,83,91,Pass
1393,4,75,81,74,86,Pass
1394,10,75,96,92,97,Pass
1395,5,99,30,33,32,Fail
1396,6,76,97,100,92,Pass
1397,1,99,35,44,33,Fail
1398,6,97,93,99,98,Pass
1399,6,67,33,35,30,Fail
1400,6,95,98,100,100,Pass
1401,3,100,84,75,84,Pass
1402,6,59,100,100,100,Pass
1403,1,71,54,52,52,Fail
1404,1,99,31,37,34,Fail
1405,1,43,45,55,49,Fail
1406,7,74,84,75,84,Pass
1407,4,47,73,82,76,Fail
1408,4,84,64,54,68,Pass
1409,6,98,33,35,33,Pass
1410,6,85,99,96,98,Pass
1411,5,41,55,45,55,Fail
1412,7,52,44,35,48,Fail
1413,7,91,65,56,68,Pass
1414,6,67,32,31,29,Fail
1415,1,63,40,32,35,Fail
1416,5,69,71,75,69,Pass
1417,6,68,65,70,63,Pass
1418,5,44,83,86,81,Pass
1419,10,82,89,97,86,Pass
1420,10,100,33,40,28,Pass
1421,10,81,68,67,70,Pass
1422,8,87,51,45,53,Pass
1423,10,56,93,84,95,Pass
1424,5,86,52,55,54,Pass
1425,5,56,49,49,50,Fail
1426,1,90,95,100,96,Pass
1427,2,88,72,76,73,Pass
1428,1,72,45,43,45,Fail
1429,10,79,94,97,98,Pass
1430,1,53,32,35,35,Fail
1431,9,93,97,95,100,Pass
1432,3,56,31,34,36,Fail
1433,2,61,86,83,83,Fail
1434,3,84,55,48,53,Fail
1435,5,74,74,68,77,Pass
1436,2,67,82,91,78,Fail
1437,7,86,50,57,50,Pass
1438,10,95,36,37,34,Pass
1439,3,72,50,57,47,Fail
1440,2,40,89,81,91,Fail
1441,1,53,89,98,90,Fail
1442,7,75,56,61,59,Pass
1443,3,69,77,85,77,Pass
1444,9,46,76,79,78,Pass
1445,6,64,77,68,75,Pass
1446,4,43,93,88,93,Pass
1447,6,40,38,42,41,Fail
1448,5,52,63,70,68,Fail
1449,2,58,62,55,62,Fail
1450,4,63,96,91,95,Pass
1451,2,43,94,97,93,Fail
1452,7,74,86,95,81,Pass
1453,6,66,33,39,33,Fail
1454,1,73,36,35,35,Fail
1455,5,40,55,46,59,Fail
1456,1,79,58,53,56,Fail
1457,4,90,36,34,41,Fail
1458,7,51,35,43,37,Fail
1459,5,51,53,50,53,Fail
1460,7,96,36,34,37,Pass
1461,1,41,85,86,90,Fail
1462,2,75,94,88,91,Pass
1463,9,94,95,90,91,Pass
1464,1,41,33,37,35,Fail
1465,7,96,75,84,72,Pass
1466,3,87,83,92,86,Pass
1467,10,62,83,86,80,Pass
1468,4,62,48,50,50,Fail
1469,6,91,30,33,26,Fail
1470,1,55,56,55,58,Fail
1471,7,75,37,34,37,Fail
1472,6,85,89,88,92,Pass
1473,5,62,97,89,100,Pass
1474,2,94,44,50,46,Fail
1475,1,53,79,84,79,Fail
1476,3,75,82,84,78,Pass
1477,1,82,48,47,43,Fail
1478,3,54,53,50,50,Fail
1479,6,92,60,54,65,Pass
1480,3,70,35,39,32,Fail
1481,4,96,45,42,44,Fail
1482,1,51,83,89,81,Fail
1483,5,81,55,50,51,Pass
1484,5,68,63,63,60,Pass
1485,9,41,68,75,66,Pass
1486,4,73,73,66,69,Pass
1487,6,77,85,85,87,Pass
1488,5,41,89,88,93,Pass
1489,8,72,37,45,42,Pass
1490,6,85,70,63,73,Pass
1491,6,96,44,54,44,Pass
1492,2,94,67,58,71,Pass
1493,2,75,59,51,54,Fail
1494,6,85,67,61,72,Pass
1495,7,85,50,52,50,Pass
1496,5,97,96,100,98,Pass
1497,1,89,83,86,79,Pass
1498,3,98,59,55,59,Pass
1499,10,99,63,62,62,Pass
1500,8,47,48,56,53,Fail
1501,5,93,87,97,83,Pass
1502,5,69,91,85,96,Pass
1503,4,60,69,72,74,Fail
1504,3,65,58,56,54,Fail
1505,4,63,80,86,85,Pass
1506,5,89,90,88,85,Pass
1507,7,78,87,81,83,Pass
1508,5,44,85,85,84,Pass
1509,4,68,44,54,45,Fail
1510,9,69,83,91,79,Pass
1511,6,77,45,40,47,Fail
1512,5,60,59,57,58,Fail
1513,8,79,97,99,94,Pass
1514,2,77,52,56,55,Fail
1515,7,99,74,66,78,Pass
1516,10,41,100,92,100,Pass
1517,5,43,89,83,94,Pass
1518,3,91,97,88,93,Pass
1519,9,86,41,50,39,Pass
1520,6,96,66,59,67,Pass
1521,3,60,47,49,43,Fail
1522,4,90,99,100,100,Pass
1523,9,57,95,100,90,Pass
1524,8,52,71,64,66,Pass
1525,8,68,71,65,68,Pass
1526,3,76,63,59,68,Fail
1527,1,59,74,70,72,Fail
1528,10,79,49,41,46,Pass
1529,3,66,70,76,72,Fail
1530,2,54,43,33,45,Fail
1531,6,86,47,38,44,Pass
1532,8,58,86,91,88,Pass
1533,8,97,82,86,78,Pass
1534,6,66,93,90,90,Pass
1535,2,70,79,71,75,Fail
1536,5,48,86,94,81,Pass
1537,10,40,71,76,68,Pass
1538,6,96,51,56,54,Pass
1539,10,78,92,86,96,Pass
1540,5,98,65,73,60,Pass
1541,6,85,65,73,68,Pass
1542,10,88,37,37,36,Pass
1543,6,91,81,79,80,Pass
1544,5,84,73,65,73,Pass
1545,9,51,40,38,36,Fail
1546,3,61,47,50,52,Fail
1547,5,98,94,85,99,Pass
1548,10,97,60,64,58,Pass
1549,2,83,42,44,44,Fail
1550,3,80,67,67,68,Fail
1551,2,85,36,46,39,Fail
1552,2,98,49,56,44,Fail
1553,3,66,49,59,45,Fail
1554,1,64,67,65,67,Fail
1555,3,47,76,72,79,Fail
1556,5,79,90,92,85,Pass
1557,9,45,94,92,93,Pass
1558,10,48,80,78,79,Pass
1559,9,52,79,82,77,Pass
1560,4,68,90,97,92,Pass
1561,9,80,77,67,80,Pass
1562,1,56,73,76,73,Fail
1563,2,84,68,62,71,Fail
1564,10,45,55,65,56,Pass
1565,9,68,88,85,92,Pass
1566,3,50,52,42,56,Fail
1567,4,54,31,36,32,Fail
1568,4,58,100,96,100,Pass
1569,10,93,39,45,35,Pass
1570,7,81,99,90,100,Pass
1571,2,94,66,67,64,Pass
1572,3,57,75,85,75,Fail
1573,2,91,57,48,59,Fail
1574,9,97,56,54,61,Pass
1575,8,40,30,40,27,Fail
1576,3,77,95,100,94,Pass
1577,5,89,75,76,70,Pass
1578,4,66,90,80,90,Pass
1579,7,99,71,77,66,Pass
1580,4,44,34,25,35,Fail
1581,7,41,37,32,38,Fail
1582,5,57,35,34,33,Fail
1583,5,70,71,70,73,Pass
1584,6,85,93,85,95,Pass
1585,3,84,100,98,100,Pass
1586,3,45,82,87,82,Fail
1587,7,79,78,84,73,Pass
1588,1,65,42,45,40,Fail
1589,10,96,45,37,40,Pass
1590,5,55,58,59,56,Fail
1591,5,42,84,87,80,Pass
1592,6,86,48,45,47,Pass
1593,4,47,79,82,74,Fail
1594,2,60,92,98,94,Pass
1595,4,82,84,85,81,Pass
1596,9,79,70,60,75,Pass
1597,3,49,61,55,61,Fail
1598,5,86,95,86,94,Pass
1599,7,97,62,54,62,Pass
1600,7,55,42,39,40,Fail
1601,10,47,63,59,65,Pass
1602,6,40,59,54,60,Fail
1603,10,54,63,70,68,Pass
1604,1,49,86,83,82,Fail
1605,10,77,67,70,71,Pass
1606,6,99,86,80,86,Pass
1607,10,40,98,100,96,Pass
1608,9,78,91,94,95,Pass
1609,4,67,63,62,65,Fail
1610,8,50,41,43,43,Fail
1611,5,43,45,51,46,Fail
1612,1,98,91,84,88,Pass
1613,9,55,73,70,73,Pass
1614,7,80,45,48,45,Pass
1615,2,78,49,49,51,Fail
1616,1,71,100,100,100,Pass
1617,1,90,95,87,92,Pass
1618,5,64,78,88,74,Pass
1619,9,61,33,24,38,Fail
1620,5,43,54,50,54,Fail
1621,5,79,90,85,91,Pass
1622,10,81,92,89,92,Pass
1623,2,65,91,92,88,Pass
1624,5,43,37,44,36,Fail
1625,2,76,35,42,37,Fail
1626,1,50,78,84,74,Fail
1627,6,48,88,79,87,Pass
1628,3,61,54,63,54,Fail
1629,5,65,36,30,34,Fail
1630,7,49,61,59,63,Pass
1631,10,95,51,55,53,Pass
1632,8,41,40,32,35,Fail
1633,1,71,54,52,55,Fail
1634,5,54,41,47,37,Fail
1635,9,94,83,88,82,Pass
1636,6,64,40,48,35,Fail
1637,5,99,69,77,64,Pass
1638,4,88,45,45,45,Fail
1639,2,81,76,85,77,Pass
1640,3,40,61,67,60,Fail
1641,2,55,56,49,59,Fail
1642,5,94,95,85,94,Pass
1643,3,41,69,60,72,Fail
1644,7,53,50,41,55,Fail
1645,7,44,81,83,86,Pass
1646,3,72,40,30,44,Fail
1647,1,72,79,83,80,Fail
1648,7,48,47,53,48,Fail
1649,9,72,72,69,75,Pass
1650,1,40,38,44,42,Fail
1651,8,45,82,77,77,Pass
1652,5,64,67,73,65,Pass
1653,10,81,99,100,98,Pass
1654,5,81,85,95,85,Pass
1655,2,75,63,71,67,Fail
1656,1,71,91,83,96,Pass
1657,4,50,48,47,51,Fail
1658,5,43,41,42,36,Fail
1659,6,73,42,46,38,Fail
1660,9,68,41,51,43,Pass
1661,2,94,82,72,84,Pass
1662,10,96,56,63,60,Pass
1663,7,84,68,78,73,Pass
1664,4,42,52,46,48,Fail
1665,6,80,72,67,69,Pass
1666,3,63,80,70,76,Fail
1667,3,90,64,68,67,Pass
1668,3,82,86,92,85,Pass
1669,1,87,88,90,92,Pass
1670,6,40,58,66,53,Fail
1671,7,91,68,59,63,Pass
1672,2,82,51,42,49,Fail
1673,1,42,35,43,38,Fail
1674,2,65,71,70,69,Fail
1675,1,70,74,71,76,Fail
1676,8,97,97,100,97,Pass
1677,10,81,34,36,38,Pass
1678,3,51,32,37,28,Fail
1679,6,71,92,86,91,Pass
1680,10,91,86,81,86,Pass
1681,10,70,51,59,55,Pass
1682,10,100,31,33,34,Pass
1683,1,73,74,80,75,Fail
1684,9,61,87,87,84,Pass
1685,4,57,47,54,44,Fail
1686,1,63,56,54,55,Fail
1687,5,45,31,36,33,Fail
1688,3,51,89,90,85,Fail
1689,4,77,31,23,29,Fail
1690,10,50,45,46,45,Pass
1691,8,81,78,72,82,Pass
1692,1,88,33,28,37,Fail
1693,6,53,70,76,73,Pass
1694,4,94,60,51,60,Pass
1695,9,68,42,47,45,Pass
1696,4,99,87,95,86,Pass
1697,1,52,37,46,37,Fail
1698,9,58,53,50,55,Pass
1699,8,61,74,70,70,Pass
1700,3,67,49,52,54,Fail
1701,6,77,74,81,71,Pass
1702,2,94,68,63,73,Pass
1703,5,75,78,77,76,Pass
1704,4,96,40,32,42,Fail
1705,10,52,58,61,54,Pass
1706,8,78,30,31,32,Fail
1707,7,42,40,47,39,Fail
1708,9,49,76,82,72,Pass
1709,8,97,55,55,54,Pass
1710,5,96,50,53,47,Pass
1711,3,85,50,59,46,Fail
1712,7,98,64,59,68,Pass
1713,10,42,30,23,34,Fail
1714,8,62,47,54,47,Pass
1715,9,60,81,72,76,Pass
1716,10,73,100,96,97,Pass
1717,10,82,47,51,42,Pass
1718,3,45,36,26,32,Fail
1719,5,65,50,60,47,Fail
1720,7,46,38,34,35,Fail
1721,4,43,45,36,50,Fail
1722,9,45,90,97,95,Pass
1723,10,43,32,25,31,Fail
1724,2,88,95,85,98,Pass
1725,10,55,73,70,78,Pass
1726,2,83,98,100,93,Pass
1727,9,68,92,100,88,Pass
1728,8,50,35,45,32,Fail
1729,10,51,59,53,62,Pass
1730,5,99,97,100,97,Pass
1731,6,72,45,36,45,Fail
1732,5,41,64,60,61,Fail
1733,1,46,85,92,86,Fail
1734,1,100,34,44,33,Fail
1735,4,91,68,73,72,Pass
1736,4,56,41,46,44,Fail
1737,1,91,35,41,38,Fail
1738,4,52,39,30,37,Fail
1739,10,62,90,99,88,Pass
1740,1,47,57,52,54,Fail
1741,8,89,92,95,94,Pass
1742,9,58,33,38,36,Fail
1743,8,75,86,94,87,Pass
1744,1,47,85,82,80,Fail
1745,2,42,43,33,48,Fail
1746,7,80,31,31,30,Fail
1747,7,53,96,86,91,Pass
1748,1,42,36,41,34,Fail
1749,2,99,90,97,95,Pass
1750,8,66,46,37,50,Pass
1751,1,44,82,87,77,Fail
1752,6,64,87,92,82,Pass
1753,7,54,70,63,70,Pass
1754,10,59,34,39,38,Pass
1755,5,46,99,92,97,Pass
1756,4,40,71,63,69,Fail
1757,2,85,66,60,68,Fail
1758,9,44,58,67,59,Pass
1759,8,88,67,58,64,Pass
1760,3,43,80,77,85,Fail
1761,3,97,75,72,74,Pass
1762,7,100,72,72,72,Pass
1763,4,52,38,35,35,Fail
1764,10,52,32,32,32,Fail
1765,8,69,39,36,35,Pass
1766,3,56,71,78,71,Fail
1767,8,69,98,100,94,Pass
1768,9,92,40,38,35,Pass
1769,4,92,72,82,76,Pass
1770,10,58,52,56,49,Pass
1771,5,83,80,87,85,Pass
1772,3,64,96,90,94,Pass
1773,9,70,81,83,78,Pass
1774,4,67,63,65,58,Fail
1775,5,78,78,72,76,Pass
1776,10,75,64,74,61,Pass
1777,7,44,65,73,64,Pass
1778,7,54,43,43,43,Fail
1779,8,54,36,28,34,Fail
1780,5,73,82,72,81,Pass
1781,5,57,68,71,67,Fail
1782,1,60,95,88,93,Fail
1783,3,46,54,46,55,Fail
1784,6,62,53,56,51,Fail
1785,1,95,71,75,71,Fail
1786,2,47,82,87,86,Fail
1787,6,44,68,70,68,Fail
1788,6,76,36,26,35,Fail
1789,8,78,40,36,37,Pass
1790,5,66,43,33,43,Fail
1791,2,73,39,38,41,Fail
1792,2,91,30,31,29,Fail
1793,8,47,40,41,36,Fail
1794,9,98,32,39,31,Pass
1795,9,81,82,75,78,Pass
1796,8,92,68,59,72,Pass
1797,6,93,95,99,97,Pass
1798,8,62,62,65,67,Pass
1799,4,55,58,53,61,Fail
1800,9,44,63,72,61,Pass
1801,2,95,50,50,51,Fail
1802,9,88,75,72,71,Pass
1803,6,43,85,79,82,Pass
1804,7,92,98,100,93,Pass
1805,4,60,62,58,59,Fail
1806,3,81,39,47,40,Fail
1807,9,64,43,44,48,Pass
1808,8,99,46,50,49,Pass
1809,4,80,64,71,64,Pass
1810,7,88,67,69,68,Pass
1811,3,65,38,46,33,Fail
1812,5,98,30,24,30,Fail
1813,6,48,72,73,71,Pass
1814,8,43,66,63,62,Pass
1815,4,99,41,37,41,Fail
1816,3,71,33,27,31,Fail
1817,4,75,57,66,61,Fail
1818,8,92,41,35,40,Pass
1819,1,46,62,58,62,Fail
1820,9,70,40,43,45,Pass
1821,10,51,37,35,38,Pass
1822,4,65,40,45,37,Fail
1823,3,91,47,39,45,Fail
1824,4,90,92,98,93,Pass
1825,5,100,68,64,67,Pass
1826,3,93,69,76,69,Pass
1827,7,87,70,60,75,Pass
1828,1,56,33,24,33,Fail
1829,7,83,83,86,81,Pass
1830,4,91,37,46,34,Fail
1831,9,51,77,73,73,Pass
1832,8,52,89,89,89,Pass
1833,5,63,100,96,98,Pass
1834,2,43,35,28,39,Fail
1835,6,78,75,69,77,Pass
1836,2,94,36,43,32,Fail
1837,4,74,89,91,87,Pass
1838,5,92,61,69,66,Pass
1839,5,82,96,100,98,Pass
1840,4,78,58,49,53,Fail
1841,2,46,82,78,85,Fail
1842,4,79,88,84,85,Pass
1843,4,56,81,90,79,Pass
1844,9,87,87,97,82,Pass
1845,10,47,80,88,84,Pass
1846,2,70,54,44,58,Fail
1847,7,100,83,89,88,Pass
1848,5,53,93,93,93,Pass
1849,3,94,35,32,32,Fail
1850,10,88,83,78,81,Pass
1851,6,85,65,60,68,Pass
1852,10,91,43,50,39,Pass
1853,5,98,84,83,85,Pass
1854,1,41,90,86,85,Fail
1855,3,98,34,26,34,Fail
1856,4,43,66,70,66,Fail
1857,10,94,34,27,36,Pass
1858,7,98,34,29,37,Pass
1859,10,98,94,95,98,Pass
1860,4,85,89,95,93,Pass
1861,5,72,91,85,88,Pass
1862,6,45,77,74,73,Pass
1863,2,83,70,78,71,Fail
1864,7,46,96,100,99,Pass
1865,3,55,94,88,97,Pass
1866,7,77,84,90,81,Pass
1867,6,88,64,70,66,Pass
1868,6,97,37,43,39,Pass
1869,2,66,95,100,92,Pass
1870,3,63,78,81,81,Fail
1871,8,74,55,50,58,Pass
1872,3,48,64,54,69,Fail
1873,4,93,54,49,58,Pass
1874,9,87,66,68,67,Pass
1875,3,84,66,57,65,Pass
1876,8,73,71,64,67,Pass
1877,2,61,84,76,88,Fail
1878,7,41,63,59,58,Fail
1879,4,88,74,80,72,Pass
1880,10,61,77,85,75,Pass
1881,9,44,67,62,68,Pass
1882,5,63,55,46,56,Fail
1883,2,50,50,42,47,Fail
1884,1,70,56,50,57,Fail
1885,1,70,60,52,65,Fail
1886,8,53,64,68,68,Pass
1887,3,42,42,41,42,Fail
1888,5,57,79,82,78,Pass
1889,8,85,58,50,60,Pass
1890,4,73,50,57,55,Fail
1891,2,75,70,78,68,Fail
1892,5,75,42,45,38,Fail
1893,1,96,68,69,65,Fail
1894,5,47,48,56,46,Fail
1895,7,44,83,87,87,Pass
1896,6,71,77,80,81,Pass
1897,6,62,55,52,58,Fail
1898,2,51,35,33,32,Fail
1899,10,55,67,58,66,Pass
1900,9,98,34,26,32,Pass
1901,3,92,86,89,90,Pass
1902,2,54,32,36,31,Fail
1903,6,97,73,78,78,Pass
1904,4,92,39,33,44,Fail
1905,7,92,71,80,75,Pass
1906,4,50,62,63,63,Fail
1907,6,48,40,36,41,Fail
1908,5,69,63,66,67,Pass
1909,5,64,45,38,49,Fail
1910,9,67,73,81,73,Pass
1911,6,45,55,62,51,Fail
1912,10,44,49,48,52,Pass
1913,4,47,50,55,49,Fail
1914,9,100,30,32,26,Pass
1915,2,65,95,100,98,Pass
1916,9,65,39,36,37,Pass
1917,4,98,42,43,45,Fail
1918,4,76,50,56,54,Fail
1919,9,85,58,63,62,Pass
1920,2,61,88,94,87,Fail
1921,10,89,51,49,46,Pass
1922,7,72,32,32,33,Fail
1923,2,51,32,41,34,Fail
1924,4,42,71,77,76,Fail
1925,2,55,63,64,67,Fail
1926,4,89,95,88,94,Pass
1927,4,100,42,33,43,Fail
1928,2,41,72,62,70,Fail
1929,1,42,88,91,91,Fail
1930,6,83,92,92,92,Pass
1931,2,90,42,34,41,Fail
1932,3,53,78,71,77,Fail
1933,3,46,96,100,95,Pass
1934,8,98,64,62,67,Pass
1935,10,61,88,90,84,Pass
1936,3,87,32,25,32,Fail
1937,1,98,58,68,59,Fail
1938,10,88,41,45,46,Pass
1939,1,94,31,25,26,Fail
1940,9,53,64,74,64,Pass
1941,4,87,71,70,72,Pass
1942,2,57,68,65,70,Fail
1943,7,95,48,58,53,Pass
1944,9,66,98,100,97,Pass
1945,9,94,38,36,35,Pass
1946,7,86,87,85,88,Pass
1947,1,89,31,25,30,Fail
1948,3,94,59,67,59,Pass
1949,6,85,47,47,52,Pass
1950,8,93,66,60,65,Pass
1951,1,84,37,31,40,Fail
1952,3,84,68,74,68,Pass
1953,5,73,75,84,73,Pass
1954,5,61,75,81,72,Pass
1955,2,79,87,95,83,Pass
1956,1,44,94,96,91,Fail
1957,5,87,77,71,82,Pass
1958,10,83,46,53,50,Pass
1959,9,44,55,50,55,Pass
1960,7,95,68,68,68,Pass
1961,9,52,59,67,55,Pass
1962,5,93,46,54,47,Pass
1963,3,48,99,89,97,Pass
1964,2,62,76,67,75,Fail
1965,2,92,38,31,35,Fail
1966,8,49,44,34,39,Fail
1967,5,40,54,58,54,Fail
1968,3,88,60,69,56,Fail
1969,7,40,36,44,39,Fail
1970,5,99,41,37,46,Pass
1971,6,53,76,69,78,Pass
1972,8,92,30,34,26,Pass
1973,1,51,52,60,52,Fail
1974,10,86,52,60,52,Pass
1975,5,91,93,93,95,Pass
1976,1,74,95,100,96,Pass
1977,5,80,74,74,77,Pass
1978,7,50,33,33,32,Fail
1979,6,51,84,89,87,Pass
1980,1,58,37,41,37,Fail
1981,1,58,42,51,37,Fail
1982,9,70,39,33,35,Pass
1983,5,82,89,95,87,Pass
1984,8,87,47,38,50,Pass
1985,4,81,37,36,35,Fail
1986,6,91,65,67,63,Pass
1987,4,86,100,100,100,Pass
1988,3,97,75,76,78,Pass
1989,3,96,93,100,92,Pass
1990,2,46,71,79,72,Fail
1991,9,88,67,70,63,Pass
1992,7,65,30,31,34,Fail
1993,2,44,39,40,35,Fail
1994,3,98,61,55,65,Pass
1995,5,82,36,30,35,Fail
1996,6,40,94,88,91,Pass
1997,3,90,34,30,34,Fail
1998,4,91,50,51,50,Fail
1999,9,88,30,28,27,Pass
2000,6,63,86,92,87,Pass
2001,4,48,52,49,49,Fail
2002,3,97,73,66,73,Pass
2003,6,68,64,66,66,Pass
2004,3,92,70,80,74,Pass
2005,4,48,82,81,87,Fail
2006,6,50,54,46,55,Fail
2007,4,49,52,47,56,Fail
2008,8,49,61,57,58,Pass
2009,1,68,54,55,51,Fail
2010,1,49,90,92,94,Fail
2011,3,79,34,37,33,Fail
2012,4,93,99,100,100,Pass
2013,9,57,37,27,35,Fail
2014,3,98,86,91,90,Pass
2015,10,56,91,86,93,Pass
2016,8,45,86,82,89,Pass
2017,2,40,83,83,84,Fail
2018,1,84,39,38,41,Fail
2019,10,51,96,99,98,Pass
2020,3,65,97,96,94,Pass
2021,3,42,54,53,58,Fail
2022,5,46,52,44,55,Fail
2023,8,78,71,80,68,Pass
2024,5,65,79,83,80,Pass
2025,2,89,35,26,35,Fail
2026,4,93,79,70,84,Pass
2027,1,77,97,100,93,Pass
2028,8,48,85,86,82,Pass
2029,8,94,46,47,50,Pass
2030,3,92,35,36,35,Fail
2031,9,40,48,43,53,Fail
2032,5,81,97,97,100,Pass
2033,7,76,35,37,40,Fail
2034,5,74,84,80,88,Pass
2035,4,72,41,47,39,Fail
2036,1,64,85,84,87,Fail
2037,9,70,31,36,26,Pass
2038,6,49,62,62,61,Fail
2039,7,63,99,100,100,Pass
2040,5,75,48,43,46,Fail
2041,5,58,30,26,35,Fail
2042,2,89,40,40,41,Fail
2043,9,40,36,26,36,Fail
2044,3,63,62,63,62,Fail
2045,7,55,73,65,78,Pass
2046,2,59,73,71,76,Fail
2047,9,52,33,28,28,Fail
2048,7,75,30,40,33,Fail
2049,3,63,91,89,90,Pass
2050,2,52,76,78,79,Fail
2051,4,64,34,40,30,Fail
2052,9,86,55,52,53,Pass
2053,10,92,95,87,99,Pass
2054,9,55,91,96,89,Pass
2055,8,64,51,55,47,Pass
2056,1,84,68,64,71,Fail
2057,1,95,36,42,32,Fail
2058,8,100,79,80,81,Pass
2059,4,80,83,86,81,Pass
2060,9,60,88,86,87,Pass
2061,3,53,67,59,71,Fail
2062,9,58,95,95,91,Pass
2063,7,99,75,75,76,Pass
2064,3,89,64,61,66,Pass
2065,9,72,58,56,61,Pass
2066,1,62,88,86,86,Fail
2067,2,62,55,61,57,Fail
2068,10,78,53,61,58,Pass
2069,5,76,61,64,63,Pass
2070,9,61,63,73,58,Pass
2071,2,58,88,93,87,Fail
2072,3,81,77,78,82,Pass
2073,8,89,38,39,35,Pass
2074,10,86,64,60,60,Pass
2075,6,79,36,31,38,Fail
2076,1,45,36,31,38,Fail
2077,10,52,70,75,69,Pass
2078,8,69,99,98,100,Pass
2079,6,72,59,60,61,Pass
2080,1,77,94,96,89,Pass
2081,10,49,66,72,69,Pass
2082,2,98,44,38,39,Fail
2083,9,69,98,88,95,Pass
2084,5,77,46,49,45,Fail
2085,4,80,55,54,53,Fail
2086,3,56,79,71,81,Fail
2087,9,52,99,100,95,Pass
2088,6,75,68,65,69,Pass
2089,2,43,89,84,89,Fail
2090,6,82,69,71,67,Pass
2091,7,60,86,80,90,Pass
2092,10,51,42,36,47,Pass
2093,8,100,61,57,64,Pass
2094,6,55,72,66,74,Pass
2095,4,67,43,39,47,Fail
2096,7,51,50,48,51,Fail
2097,2,75,89,79,88,Pass
2098,7,89,76,69,75,Pass
2099,8,80,52,56,54,Pass
2100,8,78,69,78,72,Pass
2101,6,78,48,50,44,Pass
2102,3,70,34,29,32,Fail
2103,7,88,75,76,71,Pass
2104,6,89,97,96,100,Pass
2105,10,100,56,55,56,Pass
2106,10,92,48,50,49,Pass
2107,8,61,34,29,31,Fail
2108,7,78,62,55,63,Pass
2109,9,57,46,49,44,Pass
2110,4,77,33,41,36,Fail
2111,1,64,58,67,57,Fail
2112,1,91,90,91,91,Pass
2113,7,69,98,100,97,Pass
2114,3,59,87,85,82,Pass
2115,5,41,41,35,42,Fail
2116,1,51,91,89,93,Fail
2117,2,79,50,49,45,Fail
2118,5,40,84,76,81,Pass
2119,2,91,57,65,56,Fail
2120,7,94,37,29,32,Pass
2121,3,68,44,45,49,Fail
2122,6,63,81,87,82,Pass
2123,10,54,100,100,100,Pass
2124,8,92,98,90,100,Pass
2125,8,57,98,100,100,Pass
2126,4,66,53,58,49,Fail
2127,10,86,89,84,84,Pass
2128,2,68,51,47,49,Fail
2129,5,67,78,81,81,Pass
2130,1,87,86,95,86,Pass
2131,3,58,41,36,41,Fail
2132,8,67,83,91,79,Pass
2133,10,100,82,76,80,Pass
2134,3,60,47,55,44,Fail
2135,5,74,43,42,48,Fail
2136,10,44,99,100,94,Pass
2137,5,82,78,68,78,Pass
2138,3,77,69,77,72,Fail
2139,4,67,83,75,80,Pass
2140,5,79,61,70,66,Pass
2141,2,69,37,30,40,Fail
2142,2,84,54,47,50,Fail
2143,3,72,39,42,43,Fail
2144,4,48,45,50,45,Fail
2145,4,95,80,90,81,Pass
2146,3,49,72,66,73,Fail
2147,9,96,70,68,74,Pass
2148,5,44,37,40,38,Fail
2149,10,72,71,65,75,Pass
2150,10,68,65,57,67,Pass
2151,10,46,54,63,52,Pass
2152,9,77,47,43,42,Pass
2153,2,94,51,41,49,Fail
2154,5,67,39,33,44,Fail
2155,9,40,74,82,76,Pass
2156,7,80,74,65,73,Pass
2157,5,93,92,94,87,Pass
2158,9,68,86,85,82,Pass
2159,8,88,97,92,95,Pass
2160,7,94,81,73,85,Pass
2161,4,89,40,31,40,Fail
2162,8,86,61,66,64,Pass
2163,10,67,70,66,70,Pass
2164,9,46,31,29,33,Fail
2165,2,41,37,34,36,Fail
2166,1,98,70,80,67,Pass
2167,2,69,96,97,92,Pass
2168,10,72,53,50,50,Pass
2169,10,57,53,44,50,Pass
2170,2,69,45,48,44,Fail
2171,5,80,93,83,93,Pass
2172,7,41,64,69,60,Fail
2173,9,90,51,48,54,Pass
2174,3,51,54,45,54,Fail
2175,8,46,58,57,61,Pass
2176,9,43,49,59,52,Fail
2177,4,65,65,57,63,Fail
2178,8,77,62,66,57,Pass
2179,5,43,49,43,51,Fail
2180,1,76,92,87,88,Pass
2181,1,74,38,47,38,Fail
2182,4,87,46,38,46,Fail
2183,2,85,68,67,63,Fail
2184,9,70,93,100,89,Pass
2185,6,61,76,78,78,Pass
2186,2,50,60,56,59,Fail
2187,10,85,30,40,32,Pass
2188,4,68,56,62,54,Fail
2189,3,96,68,78,72,Pass
2190,7,64,95,99,94,Pass
2191,3,44,61,65,65,Fail
2192,3,41,73,76,72,Fail
2193,1,100,67,75,67,Fail
2194,4,98,84,78,84,Pass
2195,1,45,46,36,50,Fail
2196,4,59,100,100,100,Pass
2197,7,73,67,72,65,Pass
2198,7,69,77,75,75,Pass
2199,10,71,85,83,83,Pass
2200,8,40,89,88,89,Pass
2201,5,82,30,26,34,Fail
2202,2,98,33,24,28,Fail
2203,3,71,82,83,83,Pass
2204,3,98,45,45,49,Fail
2205,1,74,81,72,86,Fail
2206,5,100,53,47,52,Pass
2207,3,46,80,75,77,Fail
2208,4,46,39,37,39,Fail
2209,1,90,47,39,47,Fail
2210,7,45,59,50,55,Fail
2211,5,84,86,96,91,Pass
2212,4,45,32,31,31,Fail
2213,8,95,42,44,46,Pass
2214,10,99,47,53,42,Pass
2215,7,59,31,37,29,Fail
2216,4,75,87,80,92,Pass
2217,1,78,58,52,61,Fail
2218,3,66,43,41,48,Fail
2219,6,72,87,83,83,Pass
2220,8,81,47,53,52,Pass
2221,1,88,69,62,67,Fail
2222,10,73,75,75,71,Pass
2223,4,46,42,44,37,Fail
2224,8,96,32,38,37,Pass
2225,1,62,68,78,68,Fail
2226,8,56,97,100,92,Pass
2227,3,49,84,76,81,Fail
2228,3,52,54,48,54,Fail
2229,7,82,33,35,29,Fail
2230,4,71,30,36,27,Fail
2231,6,66,56,61,52,Pass
2232,6,90,39,29,35,Pass
2233,5,41,69,67,70,Fail
2234,6,50,30,21,25,Fail
2235,4,41,58,53,60,Fail
2236,10,40,77,70,77,Pass
2237,5,56,77,82,72,Pass
2238,9,87,51,42,49,Pass
2239,6,85,46,56,48,Pass
2240,9,65,64,57,67,Pass
2241,5,88,38,29,43,Fail
2242,1,84,70,73,70,Fail
2243,9,49,45,50,40,Fail
2244,5,68,81,76,76,Pass
2245,8,49,69,62,72,Pass
2246,3,70,82,89,84,Pass
2247,9,86,61,68,66,Pass
2248,3,53,31,33,28,Fail
2249,8,47,89,94,94,Pass
2250,7,73,74,84,71,Pass
2251,10,76,32,27,30,Pass
2252,8,53,51,58,50,Pass
2253,10,63,32,27,36,Pass
2254,6,84,56,52,61,Pass
2255,2,47,40,37,41,Fail
2256,1,48,46,51,41,Fail
2257,7,71,83,79,88,Pass
2258,9,73,38,43,33,Pass
2259,4,69,91,92,88,Pass
2260,7,92,33,40,34,Pass
2261,9,65,76,68,77,Pass
2262,7,100,98,100,100,Pass
2263,3,91,83,92,81,Pass
2264,5,95,63,54,64,Pass
2265,7,53,60,62,65,Pass
2266,6,66,37,27,34,Fail
2267,9,91,40,40,35,Pass
2268,8,100,40,46,36,Pass
2269,3,72,94,96,93,Pass
2270,10,67,30,22,30,Pass
2271,8,100,99,99,100,Pass
2272,6,82,38,33,39,Fail
2273,8,73,70,68,72,Pass
2274,9,46,55,53,52,Pass
2275,3,52,37,44,33,Fail
2276,8,60,98,97,96,Pass
2277,10,54,91,96,93,Pass
2278,6,57,86,76,84,Pass
2279,8,79,90,88,91,Pass
2280,10,78,68,73,68,Pass
2281,4,74,44,54,48,Fail
2282,7,62,68,58,73,Pass
2283,7,46,56,63,57,Fail
2284,4,99,85,78,80,Pass
2285,8,44,97,100,94,Pass
2286,2,49,79,87,83,Fail
2287,3,85,44,52,45,Fail
2288,7,69,97,91,98,Pass
2289,6,40,87,95,85,Pass
2290,5,87,70,75,70,Pass
2291,6,75,40,32,38,Fail
2292,9,62,59,53,57,Pass
2293,4,99,88,81,92,Pass
2294,3,85,69,60,74,Pass
2295,8,70,92,84,87,Pass
2296,5,78,86,81,81,Pass
2297,5,44,88,87,88,Pass
2298,7,46,87,78,84,Pass
2299,5,94,93,85,90,Pass
2300,1,57,53,53,53,Fail
2301,4,90,82,81,78,Pass
2302,2,54,40,39,41,Fail
2303,7,44,52,51,53,Fail
2304,5,94,71,80,68,Pass
2305,7,84,46,44,42,Pass
2306,8,81,36,32,40,Pass
2307,9,82,67,57,67,Pass
2308,4,64,80,90,78,Pass
2309,10,92,67,70,66,Pass
2310,2,60,59,66,57,Fail
2311,2,44,83,90,83,Fail
2312,8,78,69,59,67,Pass
2313,8,55,69,67,67,Pass
2314,9,63,37,35,33,Pass
2315,9,74,56,65,58,Pass
2316,6,90,91,89,94,Pass
2317,9,84,48,45,50,Pass
2318,5,63,88,82,93,Pass
2319,4,99,39,31,39,Fail
2320,10,47,68,69,71,Pass
2321,2,40,54,63,55,Fail
2322,3,51,66,71,66,Fail
2323,2,43,73,72,74,Fail
2324,10,90,96,98,100,Pass
2325,6,56,37,37,32,Fail
2326,10,82,67,73,71,Pass
2327,4,55,83,86,80,Pass
2328,7,76,94,89,92,Pass
2329,6,70,95,92,100,Pass
2330,10,72,72,72,68,Pass
2331,8,46,74,75,70,Pass
2332,4,63,66,63,68,Fail
2333,4,88,96,90,97,Pass
2334,4,56,84,74,86,Pass
2335,8,55,67,67,71,Pass
2336,10,79,32,35,37,Pass
2337,10,75,99,90,98,Pass
2338,3,53,38,36,38,Fail
2339,2,47,83,81,79,Fail
2340,7,50,52,49,56,Fail
2341,4,48,42,42,45,Fail
2342,1,95,43,40,43,Fail
2343,5,74,46,46,42,Fail
2344,8,81,49,59,48,Pass
2345,2,62,53,54,55,Fail
2346,10,91,67,77,64,Pass
2347,7,41,89,81,93,Pass
2348,10,57,74,74,75,Pass
2349,2,97,30,21,31,Fail
2350,9,66,80,78,81,Pass
2351,2,100,78,87,83,Pass
2352,6,58,81,79,82,Pass
2353,6,98,52,54,54,Pass
2354,1,94,92,100,87,Pass
2355,2,92,94,98,97,Pass
2356,10,93,81,85,86,Pass
2357,5,46,71,77,72,Fail
2358,1,52,51,56,48,Fail
2359,2,86,58,66,63,Fail
2360,7,53,89,89,93,Pass
2361,8,43,31,28,27,Fail
2362,8,52,32,31,36,Fail
2363,6,91,65,60,60,Pass
2364,6,98,80,70,77,Pass
2365,1,81,96,100,95,Pass
2366,6,85,38,45,34,Fail
2367,5,45,76,80,76,Fail
2368,6,65,67,64,65,Pass
2369,9,88,70,73,74,Pass
2370,1,88,44,46,43,Fail
2371,7,46,38,37,40,Fail
2372,10,97,68,59,66,Pass
2373,2,68,53,47,52,Fail
2374,5,96,83,82,87,Pass
2375,6,91,99,97,99,Pass
2376,7,56,43,50,48,Fail
2377,5,40,58,65,59,Fail
2378,1,99,60,66,60,Fail
2379,2,76,91,100,96,Pass
2380,4,44,100,100,100,Pass
2381,10,91,72,62,67,Pass
2382,2,67,54,51,54,Fail
2383,10,41,43,43,43,Fail
2384,5,89,87,82,86,Pass
2385,9,56,60,51,57,Pass
2386,3,68,75,83,75,Fail
2387,9,55,37,38,35,Fail
2388,9,46,43,49,44,Fail
2389,2,56,50,49,48,Fail
2390,4,62,48,51,43,Fail
2391,3,46,55,60,54,Fail
2392,6,72,78,87,80,Pass
2393,6,60,79,82,75,Pass
2394,5,100,79,73,82,Pass
2395,2,54,62,72,65,Fail
2396,4,81,82,89,78,Pass
2397,1,61,99,100,99,Pass
2398,10,79,62,60,65,Pass
2399,10,97,50,52,46,Pass
2400,2,60,33,25,34,Fail
2401,7,53,72,77,72,Pass
2402,9,71,88,88,91,Pass
2403,9,42,99,96,100,Pass
2404,1,58,96,86,93,Fail
2405,8,50,94,88,89,Pass
2406,2,71,74,68,76,Fail
2407,4,51,62,57,61,Fail
2408,5,98,80,70,85,Pass
2409,2,70,60,68,59,Fail
2410,9,56,96,94,100,Pass
2411,10,58,46,45,46,Pass
2412,4,55,99,96,96,Pass
2413,6,58,36,34,41,Fail
2414,8,98,72,80,72,Pass
2415,7,65,69,67,73,Pass
2416,4,72,36,28,40,Fail
2417,2,63,41,36,41,Fail
2418,1,99,30,37,30,Fail
2419,10,84,46,53,50,Pass
2420,10,61,30,36,25,Pass
2421,1,69,63,70,68,Fail
2422,6,99,89,90,88,Pass
2423,9,47,65,68,60,Pass
2424,2,62,89,84,87,Pass
2425,10,67,38,45,43,Pass
2426,5,84,79,88,79,Pass
2427,1,99,94,89,97,Pass
2428,4,81,87,82,90,Pass
2429,6,65,85,83,84,Pass
2430,2,57,75,68,77,Fail
2431,3,42,74,75,72,Fail
2432,10,52,52,58,50,Pass
2433,3,84,41,47,36,Fail
2434,4,63,34,25,30,Fail
2435,8,90,56,63,60,Pass
2436,7,56,89,91,94,Pass
2437,2,93,87,96,91,Pass
2438,1,68,65,63,60,Fail
2439,10,68,47,46,43,Pass
2440,5,76,76,66,75,Pass
2441,3,64,75,71,72,Fail
2442,9,80,78,80,74,Pass
2443,3,89,90,84,86,Pass
2444,4,50,31,31,31,Fail
2445,4,66,66,59,61,Fail
2446,3,65,59,56,57,Fail
2447,2,91,32,36,37,Fail
2448,6,57,32,39,28,Fail
2449,2,91,69,63,66,Pass
2450,3,53,63,55,66,Fail
2451,6,72,54,48,52,Pass
2452,7,56,75,83,74,Pass
2453,2,56,67,76,66,Fail
2454,3,52,90,94,94,Pass
2455,6,58,82,84,83,Pass
2456,10,67,98,88,100,Pass
2457,10,71,61,60,65,Pass
2458,7,79,84,81,86,Pass
2459,1,70,86,93,89,Fail
2460,10,43,78,88,83,Pass
2461,9,87,66,68,65,Pass
2462,5,71,81,76,84,Pass
2463,7,47,61,57,61,Fail
2464,3,76,91,85,88,Pass
2465,8,80,61,56,63,Pass
2466,1,46,97,100,100,Fail
2467,1,77,48,47,44,Fail
2468,10,68,51,56,53,Pass
2469,10,71,97,95,97,Pass
2470,7,82,40,49,40,Pass
2471,7,63,35,25,39,Fail
2472,2,65,87,78,90,Pass
2473,2,91,67,75,64,Pass
2474,8,44,96,100,99,Pass
2475,6,48,67,71,71,Fail
2476,2,50,43,40,46,Fail
2477,7,81,60,66,60,Pass
2478,8,41,93,100,94,Pass
2479,6,67,59,62,59,Pass
2480,6,92,98,99,95,Pass
2481,7,91,43,46,48,Pass
2482,4,43,89,83,87,Pass
2483,3,75,68,68,71,Fail
2484,1,57,49,50,47,Fail
2485,4,83,49,47,45,Fail
2486,8,57,47,41,48,Fail
2487,6,100,65,67,60,Pass
2488,10,43,37,31,37,Fail
2489,9,56,47,43,49,Pass
2490,9,79,67,72,66,Pass
2491,10,85,70,63,65,Pass
2492,7,100,85,87,87,Pass
2493,5,44,36,30,39,Fail
2494,10,64,38,39,34,Pass
2495,5,88,67,65,72,Pass
2496,8,72,59,57,55,Pass
2497,8,62,95,95,100,Pass
2498,8,93,58,59,55,Pass
2499,3,98,32,22,34,Fail
2500,9,83,48,45,51,Pass
2501,7,73,94,86,99,Pass
2502,3,99,60,64,64,Pass
2503,6,56,83,85,85,Pass
2504,8,91,93,96,89,Pass
2505,8,43,38,47,35,Fail
2506,9,62,48,58,49,Pass
2507,4,42,68,74,66,Fail
2508,9,40,94,95,90,Pass
2509,10,70,75,68,78,Pass
2510,7,89,33,31,35,Pass
2511,8,80,56,52,54,Pass
2512,6,97,100,100,100,Pass
2513,2,58,70,74,65,Fail
2514,1,73,90,89,95,Pass
2515,10,61,41,34,44,Pass
2516,1,86,47,51,51,Fail
2517,10,69,68,61,69,Pass
2518,1,64,67,65,68,Fail
2519,10,63,77,81,74,Pass
2520,1,91,45,37,44,Fail
2521,9,80,99,100,97,Pass
2522,3,82,30,40,26,Fail
2523,7,90,84,76,83,Pass
2524,10,85,94,96,97,Pass
2525,5,54,98,88,100,Pass
2526,10,55,71,76,74,Pass
2527,6,63,79,85,74,Pass
2528,2,79,33,38,30,Fail
2529,5,70,41,43,38,Fail
2530,7,56,92,95,87,Pass
2531,7,46,60,64,55,Fail
2532,7,99,31,32,36,Pass
2533,7,75,80,75,83,Pass
2534,6,83,69,63,69,Pass
2535,4,57,93,85,96,Pass
2536,4,42,96,98,91,Pass
2537,8,52,74,66,72,Pass
2538,8,84,50,60,50,Pass
2539,6,97,80,72,81,Pass
2540,1,56,33,26,38,Fail
2541,6,66,74,77,72,Pass
2542,5,100,65,68,62,Pass
2543,6,91,34,34,30,Fail
2544,6,82,44,40,48,Pass
2545,4,71,56,66,61,Fail
2546,1,74,59,61,56,Fail
2547,8,89,86,76,87,Pass
2548,6,42,45,52,48,Fail
2549,6,54,34,42,29,Fail
2550,8,91,75,77,74,Pass
2551,3,68,57,56,52,Fail
2552,8,98,93,100,89,Pass
2553,6,86,90,100,89,Pass
2554,4,40,77,86,79,Fail
2555,10,100,44,37,41,Pass
2556,6,97,32,28,33,Fail
2557,5,51,97,100,100,Pass
2558,7,72,57,48,57,Pass
2559,5,86,69,60,69,Pass
2560,5,92,83,77,87,Pass
2561,9,77,93,100,88,Pass
2562,1,91,70,64,70,Fail
2563,8,51,83,86,88,Pass
2564,9,40,33,32,38,Fail
2565,5,89,49,45,49,Pass
2566,7,90,68,65,64,Pass
2567,3,90,36,45,32,Fail
2568,8,98,47,55,47,Pass
2569,1,54,71,69,75,Fail
2570,3,71,65,72,60,Fail
2571,3,70,66,72,70,Fail
2572,8,67,96,88,93,Pass
2573,9,72,83,78,87,Pass
2574,10,44,62,65,62,Pass
2575,7,85,61,67,66,Pass
2576,3,63,85,95,82,Pass
2577,4,43,76,72,80,Fail
2578,8,70,78,71,78,Pass
2579,9,76,62,52,60,Pass
2580,5,63,39,47,37,Fail
2581,3,73,84,80,81,Pass
2582,1,58,76,68,73,Fail
2583,7,94,58,51,59,Pass
2584,5,74,68,63,68,Pass
2585,8,42,43,47,48,Fail
2586,5,76,78,77,82,Pass
2587,8,67,66,69,61,Pass
2588,7,45,40,31,43,Fail
2589,2,99,39,38,42,Fail
2590,8,85,33,33,33,Pass
2591,3,46,87,96,84,Fail
2592,2,42,80,83,83,Fail
2593,9,66,39,35,37,Pass
2594,2,96,95,95,96,Pass
2595,8,83,61,54,61,Pass
2596,2,94,31,21,35,Fail
2597,2,89,87,94,90,Pass
2598,10,53,78,85,78,Pass
2599,1,42,94,100,98,Fail
2600,7,96,81,91,83,Pass
2601,2,76,91,94,95,Pass
2602,1,73,66,76,66,Fail
2603,8,57,35,44,36,Fail
2604,6,91,81,80,84,Pass
2605,2,96,49,56,44,Fail
2606,5,89,54,44,59,Pass
2607,7,94,85,88,86,Pass
2608,7,46,53,49,49,Fail
2609,4,93,41,46,40,Fail
2610,6,46,35,39,35,Fail
2611,6,43,40,42,40,Fail
2612,7,91,30,38,29,Pass
2613,3,87,67,67,71,Pass
2614,4,84,92,93,95,Pass
2615,9,85,98,100,93,Pass
2616,7,53,49,47,44,Fail
2617,3,53,60,66,62,Fail
2618,4,62,70,77,70,Fail
2619,3,99,32,31,33,Fail
2620,7,90,40,33,40,Pass
2621,8,41,53,47,52,Fail
2622,4,80,77,83,77,Pass
2623,8,87,100,92,100,Pass
2624,5,79,77,84,76,Pass
2625,8,52,66,65,69,Pass
2626,6,56,66,69,71,Pass
2627,3,64,62,55,67,Fail
2628,4,90,76,75,73,Pass
2629,10,58,98,100,95,Pass
2630,8,60,51,42,55,Pass
2631,1,93,38,48,43,Fail
2632,6,57,96,100,97,Pass
2633,7,59,62,53,65,Pass
2634,1,53,31,40,28,Fail
2635,4,53,38,36,39,Fail
2636,4,56,75,71,80,Fail
2637,2,84,35,37,32,Fail
2638,1,70,98,100,93,Pass
2639,10,83,56,57,60,Pass
2640,9,52,38,45,35,Fail
2641,3,72,70,78,69,Fail
2642,4,80,65,59,70,Pass
2643,9,63,74,77,78,Pass
2644,6,68,99,100,99,Pass
2645,3,69,34,25,35,Fail
2646,9,47,67,66,72,Pass
2647,5,60,90,100,88,Pass
2648,4,59,64,61,69,Fail
2649,3,68,49,48,46,Fail
2650,2,62,47,47,49,Fail
2651,3,83,36,31,33,Fail
2652,7,81,38,32,40,Pass
2653,5,48,58,65,62,Fail
2654,10,93,52,43,57,Pass
2655,9,100,100,100,95,Pass
2656,2,45,50,42,52,Fail
2657,9,71,87,97,92,Pass
2658,1,72,90,87,86,Pass
2659,8,100,61,52,58,Pass
2660,4,96,71,65,67,Pass
2661,9,42,76,76,75,Pass
2662,2,70,49,39,44,Fail
2663,2,54,46,46,46,Fail
2664,9,81,78,85,74,Pass
2665,1,49,74,65,76,Fail
2666,3,66,53,44,55,Fail
2667,1,98,91,94,90,Pass
2668,9,90,30,36,28,Pass
2669,3,84,93,86,94,Pass
2670,3,89,52,52,50,Fail
2671,3,97,98,100,93,Pass
2672,2,76,98,98,100,Pass
2673,6,63,77,74,75,Pass
2674,10,69,90,100,94,Pass
2675,4,95,59,59,54,Pass
2676,4,63,66,67,66,Fail
2677,9,86,43,51,41,Pass
2678,7,71,66,64,71,Pass
2679,7,58,83,79,80,Pass
2680,3,75,80,76,83,Pass
2681,10,86,93,85,91,Pass
2682,5,68,47,38,51,Fail
2683,10,100,76,69,76,Pass
2684,2,66,76,82,80,Fail
2685,1,45,42,39,38,Fail
2686,9,70,93,100,90,Pass
2687,9,77,83,73,79,Pass
2688,3,70,72,77,71,Fail
2689,3,49,33,23,36,Fail
2690,7,49,30,26,26,Fail
2691,10,59,35,41,37,Pass
2692,9,53,74,71,69,Pass
2693,7,76,33,35,33,Fail
2694,10,60,38,31,34,Pass
2695,8,70,83,84,78,Pass
2696,8,97,83,77,78,Pass
2697,2,82,68,74,69,Fail
2698,1,71,95,97,96,Pass
2699,8,61,68,59,73,Pass
2700,2,54,93,97,94,Fail
2701,9,51,57,58,53,Pass
2702,8,73,80,78,80,Pass
2703,8,71,75,83,79,Pass
2704,8,52,67,59,68,Pass
2705,6,97,72,79,67,Pass
2706,7,99,49,57,53,Pass
2707,9,72,43,43,41,Pass
2708,9,58,39,29,44,Fail
2709,3,89,31,27,29,Fail
2710,3,43,49,46,48,Fail
2711,2,73,34,27,33,Fail
2712,4,78,42,50,46,Fail
2713,3,57,33,38,34,Fail
2714,3,66,63,55,63,Fail
2715,7,53,41,40,36,Fail
2716,3,55,95,85,98,Pass
2717,3,84,40,30,45,Fail
2718,1,46,89,84,85,Fail
2719,8,46,89,88,90,Pass
2720,3,71,74,68,72,Fail
2721,4,56,38,29,42,Fail
2722,7,75,56,56,55,Pass
2723,8,96,89,97,91,Pass
2724,5,72,71,67,72,Pass
2725,6,46,59,64,58,Fail
2726,1,74,56,59,57,Fail
2727,3,50,93,96,93,Pass
2728,4,49,82,72,80,Fail
2729,8,72,36,39,32,Fail
2730,5,40,84,88,83,Pass
2731,6,89,57,65,61,Pass
2732,9,88,41,40,43,Pass
2733,8,85,59,58,60,Pass
2734,10,64,81,74,81,Pass
2735,10,42,64,64,65,Pass
2736,3,46,35,34,32,Fail
2737,1,48,75,67,79,Fail
2738,9,60,82,89,83,Pass
2739,6,43,63,66,60,Fail
2740,6,42,75,66,80,Pass
2741,4,50,83,85,87,Pass
2742,8,45,84,74,87,Pass
2743,8,77,54,51,54,Pass
2744,3,80,88,84,93,Pass
2745,2,45,51,51,56,Fail
2746,6,73,50,40,51,Fail
2747,1,88,60,57,57,Fail
2748,4,89,36,29,31,Fail
2749,2,41,76,83,79,Fail
2750,6,100,81,78,81,Pass
2751,7,66,47,39,46,Fail
2752,7,91,88,91,84,Pass
2753,1,48,86,92,86,Fail
2754,8,68,67,75,70,Pass
2755,5,47,67,60,70,Fail
2756,3,43,83,73,79,Fail
2757,7,81,86,85,90,Pass
2758,4,58,48,56,53,Fail
2759,6,74,85,83,85,Pass
2760,4,87,78,82,78,Pass
2761,3,65,80,81,77,Pass
2762,8,45,50,45,53,Fail
2763,2,95,99,96,97,Pass
2764,2,70,30,29,33,Fail
2765,10,40,47,53,47,Pass
2766,2,70,45,39,44,Fail
2767,8,53,41,50,40,Fail
2768,3,66,99,100,97,Pass
2769,6,91,42,39,46,Pass
2770,10,70,77,80,73,Pass
2771,7,78,63,69,66,Pass
2772,5,71,39,38,44,Fail
2773,6,83,78,78,83,Pass
2774,8,99,42,49,40,Pass
2775,9,64,53,49,48,Pass
2776,4,81,97,100,93,Pass
2777,1,88,55,65,50,Fail
2778,10,94,92,89,96,Pass
2779,9,99,35,45,34,Pass
2780,4,47,36,26,41,Fail
2781,1,70,41,37,42,Fail
2782,6,78,44,43,46,Fail
2783,4,90,47,39,42,Fail
2784,5,71,42,34,46,Fail
2785,3,86,85,85,85,Pass
2786,4,83,92,98,89,Pass
2787,6,95,97,92,99,Pass
2788,3,53,69,78,74,Fail
2789,1,83,33,42,30,Fail
2790,3,86,89,84,93,Pass
2791,3,82,64,54,64,Fail
2792,1,55,96,91,91,Fail
2793,4,44,50,51,47,Fail
2794,7,76,44,44,41,Pass
2795,4,78,83,76,88,Pass
2796,3,88,77,80,76,Pass
2797,8,87,70,67,73,Pass
2798,9,53,95,100,99,Pass
2799,8,86,37,29,42,Pass
2800,9,99,66,66,67,Pass
2801,2,40,59,61,57,Fail
2802,10,51,54,59,51,Pass
2803,1,47,85,80,90,Fail
2804,2,41,63,58,66,Fail
2805,2,100,84,81,83,Pass
2806,2,97,61,67,58,Fail
2807,4,65,68,70,67,Fail
2808,8,96,77,81,78,Pass
2809,3,72,35,41,40,Fail
2810,9,45,74,77,75,Pass
2811,6,91,51,54,56,Pass
2812,2,59,78,88,77,Fail
2813,7,51,74,84,73,Pass
2814,10,94,92,100,94,Pass
2815,4,64,58,54,63,Fail
2816,8,60,93,94,88,Pass
2817,1,62,86,84,87,Fail
2818,7,80,58,53,57,Pass
2819,1,68,62,57,63,Fail
2820,2,45,82,83,87,Fail
2821,1,40,56,65,53,Fail
2822,2,72,38,31,37,Fail
2823,8,60,33,42,34,Fail
2824,1,88,99,100,99,Pass
2825,10,64,47,57,51,Pass
2826,4,85,69,79,70,Pass
2827,2,64,50,41,50,Fail
2828,6,42,53,45,52,Fail
2829,8,76,89,81,89,Pass
2830,3,86,31,22,36,Fail
2831,7,72,98,100,96,Pass
2832,2,95,65,72,70,Pass
2833,3,74,46,50,50,Fail
2834,2,75,67,61,66,Fail
2835,9,89,88,90,88,Pass
2836,5,71,46,37,44,Fail
2837,9,61,32,24,28,Fail
2838,8,82,41,34,40,Pass
2839,9,100,36,42,39,Pass
2840,8,51,51,61,48,Fail
2841,9,70,54,54,57,Pass
2842,6,85,67,64,62,Pass
2843,3,76,72,77,74,Pass
2844,5,100,84,74,86,Pass
2845,2,80,42,52,46,Fail
2846,4,40,73,70,75,Fail
2847,6,83,34,25,38,Fail
2848,7,95,83,81,88,Pass
2849,1,46,63,72,65,Fail
2850,1,72,63,54,63,Fail
2851,1,67,73,67,70,Fail
2852,4,46,82,75,87,Fail
2853,5,82,84,90,83,Pass
2854,3,87,95,92,92,Pass
2855,10,64,75,79,79,Pass
2856,1,78,44,52,44,Fail
2857,8,57,36,35,36,Fail
2858,2,63,73,76,78,Fail
2859,1,56,74,81,75,Fail
2860,8,51,66,58,63,Pass
2861,6,61,34,42,30,Fail
2862,3,40,36,46,37,Fail
2863,9,73,90,84,91,Pass
2864,2,40,64,70,64,Fail
2865,5,70,85,76,83,Pass
2866,3,73,98,92,100,Pass
2867,1,53,40,40,39,Fail
2868,3,46,66,62,66,Fail
2869,5,74,93,91,96,Pass
2870,8,40,69,75,64,Pass
2871,5,74,56,63,61,Fail
2872,7,90,91,88,91,Pass
2873,4,82,43,36,39,Fail
2874,3,44,53,48,49,Fail
2875,9,90,75,78,71,Pass
2876,7,81,70,71,71,Pass
2877,5,64,59,57,59,Fail
2878,1,86,83,83,84,Pass
2879,6,84,35,42,36,Fail
2880,7,45,68,75,68,Pass
2881,9,53,47,38,44,Pass
2882,6,49,96,100,97,Pass
2883,2,57,66,72,65,Fail
2884,9,63,99,98,100,Pass
2885,1,76,65,72,63,Fail
2886,9,67,39,35,34,Pass
2887,5,57,65,66,69,Fail
2888,1,96,79,83,74,Pass
2889,9,48,96,98,100,Pass
2890,6,73,79,85,76,Pass
2891,7,60,96,100,91,Pass
2892,8,100,75,78,76,Pass
2893,4,58,97,100,100,Pass
2894,10,81,96,100,96,Pass
2895,6,58,46,49,45,Fail
2896,1,63,84,77,85,Fail
2897,4,74,81,78,76,Pass
2898,2,63,84,84,81,Fail
2899,8,51,32,32,27,Fail
2900,7,40,53,59,57,Fail
2901,7,85,36,44,40,Pass
2902,5,44,65,60,60,Fail
2903,8,45,35,29,30,Fail
2904,6,41,85,80,85,Pass
2905,1,55,43,36,44,Fail
2906,5,84,65,61,66,Pass
2907,5,90,34,39,38,Fail
2908,1,96,75,72,72,Pass
2909,5,47,91,87,88,Pass
2910,2,75,30,30,35,Fail
2911,1,94,41,46,44,Fail
2912,5,97,99,96,94,Pass
2913,8,72,62,65,62,Pass
2914,4,64,69,61,66,Fail
2915,4,64,47,50,51,Fail
2916,4,63,91,88,94,Pass
2917,5,95,48,42,51,Pass
2918,5,67,93,100,90,Pass
2919,8,52,94,97,94,Pass
2920,7,43,62,60,65,Fail
2921,7,51,78,85,79,Pass
2922,1,59,97,100,93,Fail
2923,10,48,76,83,71,Pass
2924,1,100,58,65,58,Fail
2925,10,79,76,79,78,Pass
2926,8,82,73,66,68,Pass
2927,10,44,78,86,83,Pass
2928,1,55,76,68,71,Fail
2929,1,64,45,44,46,Fail
2930,7,88,92,100,92,Pass
2931,8,96,49,52,53,Pass
2932,9,43,39,49,38,Fail
2933,7,98,96,86,97,Pass
2934,4,55,37,40,35,Fail
2935,8,65,83,74,81,Pass
2936,9,80,52,45,57,Pass
2937,1,85,90,91,87,Pass
2938,10,70,55,54,59,Pass
2939,3,95,90,89,91,Pass
2940,8,56,99,96,98,Pass
2941,1,69,66,63,61,Fail
2942,6,66,93,87,95,Pass
2943,10,73,31,22,28,Pass
2944,6,95,32,40,36,Fail
2945,6,89,87,92,92,Pass
2946,5,72,79,81,75,Pass
2947,10,55,87,86,86,Pass
2948,4,68,63,73,64,Fail
2949,7,41,73,76,70,Pass
2950,3,70,87,92,84,Pass
2951,1,75,33,43,34,Fail
2952,3,56,91,84,94,Pass
2953,2,67,100,99,100,Pass
2954,10,91,69,60,68,Pass
2955,5,69,40,40,37,Fail
2956,5,93,44,43,46,Pass
2957,4,98,47,56,51,Pass
2958,8,42,44,52,44,Fail
2959,6,95,52,57,52,Pass
2960,4,48,45,47,42,Fail
2961,7,63,55,64,52,Pass
2962,9,93,67,69,66,Pass
2963,1,64,88,85,84,Fail
2964,6,72,40,30,43,Fail
2965,2,96,64,61,63,Pass
2966,8,97,66,71,70,Pass
2967,6,74,37,32,40,Fail
2968,2,78,70,67,67,Fail
2969,4,46,65,74,60,Fail
2970,7,71,68,68,66,Pass
2971,10,84,50,52,46,Pass
2972,2,76,95,97,91,Pass
2973,3,96,68,69,70,Pass
2974,2,82,82,77,84,Pass
2975,8,73,95,92,94,Pass
2976,1,85,60,62,64,Fail
2977,2,87,99,100,100,Pass
2978,4,66,58,48,59,Fail
2979,2,65,35,25,39,Fail
2980,10,52,71,65,67,Pass
2981,4,85,39,47,42,Fail
2982,8,90,65,67,67,Pass
2983,4,49,91,95,92,Pass
2984,3,45,77,76,81,Fail
2985,9,75,86,95,90,Pass
2986,8,58,31,27,30,Fail
2987,7,99,56,53,52,Pass
2988,5,70,85,78,84,Pass
2989,3,44,90,85,93,Fail
2990,10,68,71,68,75,Pass
2991,9,41,64,74,66,Pass
2992,8,57,74,83,73,Pass
2993,10,40,50,59,47,Pass
2994,8,47,69,67,68,Pass
2995,3,80,50,53,54,Fail
2996,4,83,49,49,46,Fail
2997,8,50,52,47,47,Fail
2998,5,81,86,94,90,Pass
2999,5,50,39,48,41,Fail
3000,6,52,80,73,77,Pass
